Workbook

Sheet Portada
C10: La presente página permite al usuario consultar las tarifas históricas y vigentes, para ello escoja el año que desea consultar o bien la opción de tarifas vigentes para ver el pliego actual.
C21: 2013 | D21: 2014 | E21: 2015 | F21: 2016 | G21: 2017 | H21: 2018 | I21: 2019 | J21: 2020 | K21: 2021 | L21: 2022 | M21: 2023 | N21: 2024 | O21: 2025 | P21: Tarifas Vigentes
C23: Última actualización: | E23: 46010

Sheet 2013
B2: Seleccione la empresa que desea consultar:

Sheet ICE 2013
A5: Tabla 1
A6: Tarifas del servicio de generación eléctrica prestado por el ICE para el año 2013, según el mes y el tipo de tarifa respectivo.
A7: Tipo de tarifa y bloque | B7: Enero | C7: Febrero | D7: Marzo | E7: Abril | F7: Mayo | G7: Junio | H7: Julio | I7: Agosto | J7: Septiembre | K7: Octubre | L7: Noviembre | M7: Diciembre
A8: Ventas a ICE distribución y a la CNFL
A9: T-CB
A10: Energía_Punta | B10: 40.5 | C10: 40.5 | D10: 40.5 | E10: 62.993333 | F10: 64.6 | G10: 64.6 | H10: 62.8 | I10: 62.8 | J10: 62.8 | K10: 46.1 | L10: 46.1 | M10: 46.1
A11: Energía_Valle | B11: 47.6 | C11: 47.6 | D11: 43.625806 | E11: 52.846667 | F11: 53.1 | G11: 53.1 | H11: 51.5 | I11: 51.5 | J11: 51.5 | K11: 37.8 | L11: 37.8 | M11: 37.8
A12: Energía_Noche | B12: 40.5 | C12: 40.5 | D12: 37.158065 | E12: 44.986667 | F12: 45.2 | G12: 45.2 | H12: 43.7 | I12: 43.7 | J12: 43.7 | K12: 32.1 | L12: 32.1 | M12: 32.1
A13: Potencia_Punta | B13: 3082 | C13: 3082 | D13: 2825.4839 | E13: 3420.6 | F13: 3437 | G13: 3437 | H13: 3332 | I13: 3332 | J13: 3332 | K13: 2444 | L13: 2444 | M13: 2444
A14: Potencia_Valle | B14: 3082 | C14: 3082 | D14: 2825.4839 | E14: 3420.6 | F14: 3437 | G14: 3437 | H14: 3332 | I14: 3332 | J14: 3332 | K14: 2444 | L14: 2444 | M14: 2444
A15: VENTAS AL SERVICIO DE DISTRIBUCIÓN
A16: T-SD
A17: Energía_Punta | B17: 57.4 | C17: 57.4 | D17: 52.522581 | E17: 63.593333 | F17: 63.9 | G17: 63.9 | H17: 62 | I17: 62 | J17: 62 | K17: 45.5 | L17: 45.5 | M17: 45.5
A18: Energía_Valle | B18: 46.9 | C18: 46.9 | D18: 43.016129 | E18: 52.053333 | F18: 52.3 | G18: 52.3 | H18: 50.8 | I18: 50.8 | J18: 50.8 | K18: 37.3 | L18: 37.3 | M18: 37.3
A19: Energía_Noche | B19: 40.2 | C19: 40.2 | D19: 36.677419 | E19: 44.386667 | F19: 44.6 | G19: 44.6 | H19: 43.4 | I19: 43.4 | J19: 43.4 | K19: 31.8 | L19: 31.8 | M19: 31.8
A20: Potencia_Punta | B20: 3082 | C20: 3082 | D20: 2825.4839 | E20: 3420.6 | F20: 3437 | G20: 3437 | H20: 3332 | I20: 3332 | J20: 3332 | K20: 2444 | L20: 2444 | M20: 2444
A21: Potencia_Valle | B21: 3082 | C21: 3082 | D21: 2825.4839 | E21: 3420.6 | F21: 3437 | G21: 3437 | H21: 3332 | I21: 3332 | J21: 3332 | K21: 2444 | L21: 2444 | M21: 2444
A22: USUARIOS DIRECTOS
A23: T-UD
A24: Energía_Punta | B24: 0.078 | C24: 0.078 | D24: 0.078 | E24: 0.081533333 | F24: 0.081 | G24: 0.081 | H24: 0.063 | I24: 0.063 | J24: 0.063 | K24: 0.051 | L24: 0.051 | M24: 0.051
A25: Energía_Valle | B25: 0.064 | C25: 0.064 | D25: 0.064 | E25: 0.0674 | F25: 0.067 | G25: 0.067 | H25: 0.052 | I25: 0.052 | J25: 0.052 | K25: 0.042 | L25: 0.042 | M25: 0.042
A26: Energía_Noche | B26: 0.055 | C26: 0.055 | D26: 0.055 | E26: 0.057333333 | F26: 0.057 | G26: 0.057 | H26: 0.044 | I26: 0.044 | J26: 0.044 | K26: 0.036 | L26: 0.036 | M26: 0.036
A27: Potencia_Punta | B27: 4.15 | C27: 4.15 | D27: 4.15 | E27: 4.3566667 | F27: 4.33 | G27: 4.33 | H27: 3.39 | I27: 3.39 | J27: 3.39 | K27: 2.71 | L27: 2.71 | M27: 2.71
A28: Potencia_Valle | B28: 4.15 | C28: 4.15 | D28: 4.15 | E28: 4.3566667 | F28: 4.33 | G28: 4.33 | H28: 3.39 | I28: 3.39 | J28: 3.39 | K28: 2.71 | L28: 2.71 | M28: 2.71
A29: RESIDENCIAL
A30: T-RE
A31: Primeros 200 KWh | B31: 87 | C31: 87 | D31: 83.387097 | E31: 91.8 | F31: 92 | G31: 92 | H31: 88 | I31: 88 | J31: 88 | K31: 76 | L31: 76 | M31: 76
A32: De 201 a 300 KWh | B32: 159 | C32: 159 | D32: 149.96774 | E32: 164.66667 | F32: 165 | G32: 165 | H32: 159 | I32: 159 | J32: 159 | K32: 137 | L32: 137 | M32: 137
A33: kWh adicional | B33: 159 | C33: 159 | D33: 149.96774 | E33: 164.66667 | F33: 165 | G33: 165 | H33: 159 | I33: 159 | J33: 159 | K33: 137 | L33: 137 | M33: 137
A34: GENERAL
A35: T-GE
A36: Energía_Bloq. ≤3.000 KWh | B36: 130 | C36: 130 | D36: 125.48387 | E36: 137.73333 | F36: 138 | G36: 138 | H36: 133 | I36: 133 | J36: 133 | K36: 115 | L36: 115 | M36: 115
A37: Energía_Bloq. >3.000 KWh (KWh adicional) | B37: 78 | C37: 78 | D37: 75.290323 | E37: 82.866667 | F37: 83 | G37: 83 | H37: 80 | I37: 80 | J37: 80 | K37: 69 | L37: 69 | M37: 69
A38: Potencia_Mayor al diferencial (adicional) | B38: 12869 | C38: 12869 | D38: 12467.968 | E38: 13717.133 | F38: 13746 | G38: 13746 | H38: 13181 | I38: 13181 | J38: 13181 | K38: 11353 | L38: 11353 | M38: 11353
A39: PREFERENCIAL
A40: T-CS
A41: Energía_Bloq. ≤3.000 KWh | B41: 87 | C41: 87 | D41: 83.387097 | E41: 92.733333 | F41: 93 | G41: 93 | H41: 90 | I41: 90 | J41: 90 | K41: 77 | L41: 77 | M41: 77
A42: Energía_Bloq. >3.000 KWh (KWh adicional) | B42: 53 | C42: 53 | D42: 50.290323 | E42: 55.866667 | F42: 56 | G42: 56 | H42: 53 | I42: 53 | J42: 53 | K42: 46 | L42: 46 | M42: 46
A43: Potencia_Mayor al diferencial (adicional) | B43: 8530 | C43: 8530 | D43: 8139.8065 | E43: 8939.2 | F43: 8958 | G43: 8958 | H43: 8633 | I43: 8633 | J43: 8633 | K43: 7435 | L43: 7435 | M43: 7435
A44: MEDIA TENSIÓN (T-MT)
A45: T-MT
A46: Energía_Punta | B46: 76 | C46: 76 | D46: 73.290323 | E46: 80.8 | F46: 81 | G46: 81 | H46: 77 | I46: 77 | J46: 77 | K46: 66 | L46: 66 | M46: 66
A47: Energía_Valle | B47: 28 | C47: 28 | D47: 27.096774 | E47: 29.933333 | F47: 30 | G47: 30 | H47: 29 | I47: 29 | J47: 29 | K47: 25 | L47: 25 | M47: 25
A48: Energía_Noche | B48: 18 | C48: 18 | D48: 17.096774 | E48: 18.933333 | F48: 19 | G48: 19 | H48: 17 | I48: 17 | J48: 17 | K48: 15 | L48: 15 | M48: 15
A49: Potencia_Punta | B49: 12279 | C49: 12279 | D49: 11735.258 | E49: 12890.867 | F49: 12918 | G49: 12918 | H49: 12408 | I49: 12408 | J49: 12408 | K49: 10687 | L49: 10687 | M49: 10687
A50: Potencia_Valle | B50: 8572 | C50: 8572 | D50: 8192.6452 | E50: 9000.0667 | F50: 9019 | G50: 9019 | H50: 8664 | I50: 8664 | J50: 8664 | K50: 7462 | L50: 7462 | M50: 7462
A51: Potencia_Noche | B51: 5490 | C51: 5490 | D51: 5247.0323 | E51: 5763.8667 | F51: 5776 | G51: 5776 | H51: 5548 | I51: 5548 | J51: 5548 | K51: 4779 | L51: 4779 | M51: 4779
A52: MEDIA TENSIÓN (T-MTb)
A53: T-MTB
A54: Energía_Punta | B54: 0.12 | C54: 0.12 | D54: 0.12 | E54: 0.13 | F54: 0.13 | G54: 0.13 | H54: 0.129 | I54: 0.129 | J54: 0.129 | K54: 0.111 | L54: 0.111 | M54: 0.111
A55: Energía_Valle | B55: 0.04 | C55: 0.04 | D55: 0.04 | E55: 0.05 | F55: 0.05 | G55: 0.05 | H55: 0.046 | I55: 0.046 | J55: 0.046 | K55: 0.04 | L55: 0.04 | M55: 0.04
A56: Energía_Noche | B56: 0.03 | C56: 0.03 | D56: 0.020967742 | E56: 0.02 | F56: 0.02 | G56: 0.02 | H56: 0.029 | I56: 0.029 | J56: 0.029 | K56: 0.025 | L56: 0.025 | M56: 0.025
A57: Potencia_Punta | B57: 19.53 | C57: 19.53 | D57: 19.53 | E57: 21.564667 | F57: 21.61 | G57: 21.61 | H57: 20.76 | I57: 20.76 | J57: 20.76 | K57: 17.88 | L57: 17.88 | M57: 17.88
A58: Potencia_Valle | B58: 13.63 | C58: 13.63 | D58: 13.63 | E58: 15.038667 | F58: 15.07 | G58: 15.07 | H58: 14.49 | I58: 14.49 | J58: 14.49 | K58: 12.48 | L58: 12.48 | M58: 12.48
A59: Potencia_Noche | B59: 8.74 | C59: 8.74 | D59: 8.74 | E59: 9.64 | F59: 9.66 | G59: 9.66 | H59: 9.28 | I59: 9.28 | J59: 9.28 | K59: 7.99 | L59: 7.99 | M59: 7.99
A60: ALUMBRADO PÚBLICO
A61: T-AP
A62: Cada KWh | B62: 3.79 | C62: 3.79 | D62: 3.79 | E62: 3.79 | F62: 3.79 | G62: 3.79 | H62: 3.79 | I62: 3.79 | J62: 3.79 | K62: 3.79 | L62: 3.79 | M62: 3.79

Sheet CNFL 2013
A4: Tabla 3
A5: Tarifas del servicio de distribución eléctrica y alumbrado público prestado por la CNFL para el año 2013, según el mes y el tipo de tarifa respectivo.
A6: Tipo de tarifa y bloque | B6: Enero | C6: Febrero | D6: Marzo | E6: Abril | F6: Mayo | G6: Junio | H6: Julio | I6: Agosto | J6: Septiembre | K6: Octubre | L6: Noviembre | M6: Diciembre
A7: RESIDENCIAL
A8: T-RE
A9: Primeros 200 KWh | B9: 69 | C9: 69 | D9: 69 | E9: 78.733333 | F9: 79 | G9: 79 | H9: 77 | I9: 77 | J9: 77 | K9: 64 | L9: 62 | M9: 62
A10: De 201 a 300 KWh | B10: 103 | C10: 103 | D10: 103 | E10: 115.66667 | F10: 116 | G10: 116 | H10: 118 | I10: 118 | J10: 118 | K10: 98 | L10: 95 | M10: 95
A11: kWh adicional | B11: 110 | C11: 110 | D11: 110 | E11: 124.6 | F11: 125 | G11: 125 | H11: 122 | I11: 122 | J11: 122 | K11: 101 | L11: 98 | M11: 98
A12: GENERAL
A13: T-GE
A14: Energía_Bloq. ≤3.000 KWh | B14: 115 | C14: 115 | D14: 115 | E14: 130.6 | F14: 131 | G14: 131 | H14: 129 | I14: 129 | J14: 129 | K14: 108 | L14: 105 | M14: 105
A15: Energía_Bloq. >3.000 KWh (primeros 3000 KWh) | B15: 213000 | C15: 213000 | D15: 213000 | E15: 239200 | F15: 240000 | G15: 240000 | H15: 234000 | I15: 234000 | J15: 234000 | K15: 195000 | L15: 189000 | M15: 189000
A16: Energía_Bloq. >3.000 KWh (KWh adicional) | B16: 71 | C16: 71 | D16: 71 | E16: 79.733333 | F16: 80 | G16: 80 | H16: 78 | I16: 78 | J16: 78 | K16: 65 | L16: 63 | M16: 63
A17: Potencia_Menor igual al diferencial (mínimo) | B17: 87440 | C17: 87440 | D17: 87440 | E17: 98772.267 | F17: 99080 | G17: 99080 | H17: 97584 | I17: 97584 | J17: 97584 | K17: 81248 | L17: 78824 | M17: 78824
A18: Potencia_Mayor al diferencial (adicional) | B18: 10930 | C18: 10930 | D18: 10930 | E18: 12346.533 | F18: 12385 | G18: 12385 | H18: 12198 | I18: 12198 | J18: 12198 | K18: 10156 | L18: 9853 | M18: 9853
A19: PREFERENCIAL
A20: T-CS
A21: Energía_Bloq. ≤3.000 KWh | B21: 77 | C21: 77 | D21: 77 | E21: 86.733333 | F21: 87 | G21: 87 | H21: 87 | I21: 87 | J21: 87 | K21: 73 | L21: 70 | M21: 70
A22: Energía_Bloq. >3.000 KWh (primeros 3000 KWh) | B22: 135000 | C22: 135000 | D22: 135000 | E22: 149600 | F22: 150000 | G22: 150000 | H22: 150000 | I22: 150000 | J22: 150000 | K22: 126000 | L22: 123000 | M22: 123000
A23: Energía_Bloq. >3.000 KWh (KWh adicional) | B23: 45 | C23: 45 | D23: 45 | E23: 49.866667 | F23: 50 | G23: 50 | H23: 50 | I23: 50 | J23: 50 | K23: 42 | L23: 41 | M23: 41
A24: Potencia_Menor igual al diferencial (mínimo) | B24: 58256 | C24: 58256 | D24: 58256 | E24: 65810.667 | F24: 66016 | G24: 66016 | H24: 65000 | I24: 65000 | J24: 65000 | K24: 54120 | L24: 52512 | M24: 52512
A25: Potencia_Mayor al diferencial (adicional) | B25: 7282 | C25: 7282 | D25: 7282 | E25: 8226.3333 | F25: 8252 | G25: 8252 | H25: 8125 | I25: 8125 | J25: 8125 | K25: 6765 | L25: 6564 | M25: 6564
A26: MEDIA TENSIÓN (T-MT)
A27: T-MT
A28: Energía_Punta | B28: 60 | C28: 60 | D28: 60 | E28: 67.8 | F28: 68 | G28: 68 | H28: 67 | I28: 67 | J28: 67 | K28: 55 | L28: 53 | M28: 53
A29: Energía_Valle | B29: 29 | C29: 29 | D29: 29 | E29: 32.866667 | F29: 33 | G29: 33 | H29: 33 | I29: 33 | J29: 33 | K29: 28 | L29: 27 | M29: 27
A30: Energía_Noche | B30: 22 | C30: 22 | D30: 22 | E30: 24.933333 | F30: 25 | G30: 25 | H30: 24 | I30: 24 | J30: 24 | K30: 20 | L30: 19 | M30: 19
A31: Potencia_Punta | B31: 10376 | C31: 10376 | D31: 10376 | E31: 11720.467 | F31: 11757 | G31: 11757 | H31: 11578 | I31: 11578 | J31: 11578 | K31: 9640 | L31: 9353 | M31: 9353
A32: Potencia_Valle | B32: 7381 | C32: 7381 | D32: 7381 | E32: 8338 | F32: 8364 | G32: 8364 | H32: 8237 | I32: 8237 | J32: 8237 | K32: 6858 | L32: 6655 | M32: 6655
A33: Potencia_Noche | B33: 4686 | C33: 4686 | D33: 4686 | E33: 5294.4667 | F33: 5311 | G33: 5311 | H33: 5229 | I33: 5229 | J33: 5229 | K33: 4354 | L33: 4225 | M33: 4225
A34: Residencial horaria
A35: T-REH
A36: Bloque 0-300 KWh Punta | B36: 146 | C36: 146 | D36: 146 | E36: 164.46667 | F36: 165 | G36: 165 | H36: 163 | I36: 163 | J36: 163 | K36: 135 | L36: 131 | M36: 131
A37: Bloque 0-300 KWh Valle | B37: 60 | C37: 60 | D37: 60 | E37: 67.8 | F37: 68 | G37: 68 | H37: 68 | I37: 68 | J37: 68 | K37: 57 | L37: 54 | M37: 54
A38: Bloque 0-300 KWh Noche | B38: 25 | C38: 25 | D38: 25 | E38: 27.933333 | F38: 28 | G38: 28 | H38: 28 | I38: 28 | J38: 28 | K38: 23 | L38: 22 | M38: 22
A39: Bloque 301-500 KWh Punta | B39: 166 | C39: 166 | D39: 166 | E39: 187.4 | F39: 188 | G39: 188 | H39: 186 | I39: 186 | J39: 186 | K39: 155 | L39: 149 | M39: 149
A40: Bloque 301-500 KWh Valle | B40: 67 | C40: 67 | D40: 67 | E40: 76.733333 | F40: 77 | G40: 77 | H40: 74 | I40: 74 | J40: 74 | K40: 62 | L40: 61 | M40: 61
A41: Bloque 301-500 KWh Noche | B41: 29 | C41: 29 | D41: 29 | E41: 32.866667 | F41: 33 | G41: 33 | H41: 32 | I41: 32 | J41: 32 | K41: 27 | L41: 26 | M41: 26
A42: Bloque más de 500 KWh Punta | B42: 196 | C42: 196 | D42: 196 | E42: 221.33333 | F42: 222 | G42: 222 | H42: 219 | I42: 219 | J42: 219 | K42: 182 | L42: 177 | M42: 177
A43: Bloque más de 500 KWh Valle | B43: 78 | C43: 78 | D43: 78 | E43: 88.733333 | F43: 89 | G43: 89 | H43: 88 | I43: 88 | J43: 88 | K43: 74 | L43: 71 | M43: 71
A44: Bloque más de 500 KWh Noche | B44: 36 | C44: 36 | D44: 36 | E44: 40.866667 | F44: 41 | G44: 41 | H44: 41 | I44: 41 | J44: 41 | K44: 34 | L44: 33 | M44: 33
A45: PROMOCIONAL
A46: T-6
A47: Energía_Bloq. ≤3.000 KWh
A48: Energía_Bloq. >3.000 KWh (primeros 3000 KWh) | B48: 213000 | C48: 213000 | D48: 213000 | E48: 228000 | F48: 228000 | G48: 228000 | H48: 195000 | I48: 195000 | J48: 195000 | K48: 180000 | L48: 174000 | M48: 174000
A49: Energía_Bloq. >3.000 KWh (KWh adicional) | B49: 71 | C49: 71 | D49: 71 | E49: 76 | F49: 76 | G49: 76 | H49: 65 | I49: 65 | J49: 65 | K49: 60 | L49: 58 | M49: 58
A50: Potencia_Menor igual al diferencial (mínimo) | B50: 87440 | C50: 87440 | D50: 87440 | E50: 94464 | F50: 94464 | G50: 94464 | H50: 80288 | I50: 80288 | J50: 80288 | K50: 74344 | L50: 72128 | M50: 72128
A51: Potencia_Mayor al diferencial (adicional) | B51: 10930 | C51: 10930 | D51: 10930 | E51: 11808 | F51: 11808 | G51: 11808 | H51: 10036 | I51: 10036 | J51: 10036 | K51: 9293 | L51: 9016 | M51: 9016
A52: ALUMBRADO PÚBLICO
A53: T-AP
A54: Cada KWh | B54: 3.24 | C54: 3.24 | D54: 3.24 | E54: 3.24 | F54: 3.24 | G54: 3.24 | H54: 3.24 | I54: 3.24 | J54: 3.24 | K54: 3.24 | L54: 3.24 | M54: 3.24

Sheet JASEC 2013
A4: Tabla 4
A5: Tarifas del servicio de distribución eléctrica y alumbrado público prestado por JASEC para el año 2013, según el mes y el tipo de tarifa respectivo.
A6: Tipo de tarifa y bloque | B6: Enero | C6: Febrero | D6: Marzo | E6: Abril | F6: Mayo | G6: Junio | H6: Julio | I6: Agosto | J6: Septiembre | K6: Octubre | L6: Noviembre | M6: Diciembre
A7: RESIDENCIAL
A8: T-RE
A9: Primeros 200 KWh | B9: 63 | C9: 63 | D9: 63 | E9: 69.8 | F9: 70 | G9: 70 | H9: 71 | I9: 71 | J9: 71 | K9: 61 | L9: 61 | M9: 61
A10: kWh adicional | B10: 77 | C10: 77 | D10: 77 | E10: 86.733333 | F10: 87 | G10: 87 | H10: 87 | I10: 87 | J10: 87 | K10: 74 | L10: 74 | M10: 74
A11: GENERAL
A12: T-GE
A13: Energía_Bloq. ≤3.000 KWh | B13: 86 | C13: 86 | D13: 86 | E13: 96.666667 | F13: 97 | G13: 97 | H13: 100 | I13: 100 | J13: 100 | K13: 86 | L13: 86 | M13: 86
A14: Energía_Bloq. >3.000 KWh (primeros 3000 KWh) | B14: 156000 | C14: 156000 | D14: 156000 | E14: 173400 | F14: 174000 | G14: 174000 | H14: 180000 | I14: 180000 | J14: 180000 | K14: 153000 | L14: 153000 | M14: 153000
A15: Energía_Bloq. >3.000 KWh (KWh adicional) | B15: 52 | C15: 52 | D15: 52 | E15: 57.8 | F15: 58 | G15: 58 | H15: 60 | I15: 60 | J15: 60 | K15: 51 | L15: 51 | M15: 51
A16: Potencia_Menor igual al diferencial (mínimo) | B16: 64648 | C16: 64648 | D16: 64648 | E16: 72629.333 | F16: 72864 | G16: 72864 | H16: 75016 | I16: 75016 | J16: 75016 | K16: 64096 | L16: 64096 | M16: 64096
A17: Potencia_Mayor al diferencial (adicional) | B17: 8081 | C17: 8081 | D17: 8081 | E17: 9078.6667 | F17: 9108 | G17: 9108 | H17: 9377 | I17: 9377 | J17: 9377 | K17: 8012 | L17: 8012 | M17: 8012
A18: PREFERENCIAL
A19: T-CS
A20: Energía_Bloq. ≤3.000 KWh | B20: 63 | C20: 63 | D20: 63 | E20: 69.8 | F20: 70 | G20: 70 | H20: 72 | I20: 72 | J20: 72 | K20: 62 | L20: 62 | M20: 62
A21: Energía_Bloq. >3.000 KWh (primeros 3000 KWh) | B21: 108000 | C21: 108000 | D21: 108000 | E21: 122600 | F21: 123000 | G21: 123000 | H21: 126000 | I21: 126000 | J21: 126000 | K21: 108000 | L21: 108000 | M21: 108000
A22: Energía_Bloq. >3.000 KWh (KWh adicional) | B22: 36 | C22: 36 | D22: 36 | E22: 40.866667 | F22: 41 | G22: 41 | H22: 42 | I22: 42 | J22: 42 | K22: 36 | L22: 36 | M22: 36
A23: Potencia_Menor igual al diferencial (mínimo) | B23: 43832 | C23: 43832 | D23: 43832 | E23: 49256.533 | F23: 49416 | G23: 49416 | H23: 50416 | I23: 50416 | J23: 50416 | K23: 43072 | L23: 43072 | M23: 43072
A24: Potencia_Mayor al diferencial (adicional) | B24: 5479 | C24: 5479 | D24: 5479 | E24: 6157.0667 | F24: 6177 | G24: 6177 | H24: 6302 | I24: 6302 | J24: 6302 | K24: 5384 | L24: 5384 | M24: 5384
A25: MEDIA TENSIÓN (T-MT)
A26: T-MT
A27: Energía_Punta | B27: 50 | C27: 50 | D27: 50 | E27: 55.8 | F27: 56 | G27: 56 | H27: 55 | I27: 55 | J27: 55 | K27: 47 | L27: 47 | M27: 47
A28: Energía_Valle | B28: 24 | C28: 24 | D28: 24 | E28: 26.933333 | F28: 27 | G28: 27 | H28: 27 | I28: 27 | J28: 27 | K28: 23 | L28: 23 | M28: 23
A29: Energía_Noche | B29: 17 | C29: 17 | D29: 17 | E29: 18.933333 | F29: 19 | G29: 19 | H29: 18 | I29: 18 | J29: 18 | K29: 16 | L29: 16 | M29: 16
A30: Potencia_Punta | B30: 8560 | C30: 8560 | D30: 8560 | E30: 9617.9333 | F30: 9649 | G30: 9649 | H30: 9688 | I30: 9688 | J30: 9688 | K30: 8277 | L30: 8277 | M30: 8277
A31: Potencia_Valle | B31: 6138 | C31: 6138 | D31: 6138 | E31: 6895.7333 | F31: 6918 | G31: 6918 | H31: 6947 | I31: 6947 | J31: 6947 | K31: 5935 | L31: 5935 | M31: 5935
A32: Potencia_Noche | B32: 4198 | C32: 4198 | D32: 4198 | E32: 4716.7333 | F32: 4732 | G32: 4732 | H32: 4752 | I32: 4752 | J32: 4752 | K32: 4060 | L32: 4060 | M32: 4060
A33: ALUMBRADO PÚBLICO
A34: T-AP
A35: Cada KWh | B35: 3.06 | C35: 3.06 | D35: 3.06 | E35: 3.06 | F35: 3.06 | G35: 3.06 | H35: 3.06 | I35: 3.06 | J35: 3.06 | K35: 3.06 | L35: 3.06 | M35: 3.06

Sheet ESPH 2013
A5: Tabla 5
A6: Tarifas del servicio de distribución eléctrica y alumbrado público prestado por ESPH para el año 2013, según el mes y el tipo de tarifa respectivo.
A7: Tipo de tarifa y bloque | B7: Enero | C7: Febrero | D7: Marzo | E7: Abril | F7: Mayo | G7: Junio | H7: Julio | I7: Agosto | J7: Septiembre | K7: Octubre | L7: Noviembre | M7: Diciembre
A8: RESIDENCIAL
A9: T-RE
A10: Primeros 200 KWh | B10: 67 | C10: 67 | D10: 67 | E10: 76.733333 | F10: 77 | G10: 77 | H10: 76 | I10: 76 | J10: 76 | K10: 64 | L10: 62 | M10: 62
A11: kWh adicional | B11: 89 | C11: 89 | D11: 89 | E11: 102.2 | F11: 103 | G11: 103 | H11: 99 | I11: 99 | J11: 99 | K11: 84 | L11: 80 | M11: 80
A12: GENERAL
A13: T-GE
A14: Energía_Bloq. ≤3.000 KWh | B14: 99 | C14: 99 | D14: 99 | E14: 113.6 | F14: 114 | G14: 114 | H14: 105 | I14: 105 | J14: 105 | K14: 89 | L14: 86 | M14: 86
A15: Energía_Bloq. >3.000 KWh (primeros 3000 KWh) | B15: 165000 | C15: 165000 | D15: 165000 | E15: 191200 | F15: 192000 | G15: 192000 | H15: 180000 | I15: 180000 | J15: 180000 | K15: 150000 | L15: 144000 | M15: 144000
A16: Energía_Bloq. >3.000 KWh (KWh adicional) | B16: 55 | C16: 55 | D16: 55 | E16: 63.733333 | F16: 64 | G16: 64 | H16: 60 | I16: 60 | J16: 60 | K16: 50 | L16: 48 | M16: 48
A17: Potencia_Menor igual al diferencial (mínimo) | B17: 90800 | C17: 90800 | D17: 90800 | E17: 104290 | F17: 104680 | G17: 104680 | H17: 96130 | I17: 96130 | J17: 96130 | K17: 81180 | L17: 78340 | M17: 78340
A18: Potencia_Mayor al diferencial (adicional) | B18: 9080 | C18: 9080 | D18: 9080 | E18: 10429 | F18: 10468 | G18: 10468 | H18: 9613 | I18: 9613 | J18: 9613 | K18: 8118 | L18: 7834 | M18: 7834
A19: PREFERENCIAL
A20: T-CS
A21: Energía_Bloq. ≤3.000 KWh | B21: 67 | C21: 67 | D21: 67 | E21: 76.733333 | F21: 77 | G21: 77 | H21: 76 | I21: 76 | J21: 76 | K21: 64 | L21: 62 | M21: 62
A22: Energía_Bloq. >3.000 KWh (primeros 3000 KWh) | B22: 135000 | C22: 135000 | D22: 135000 | E22: 155400 | F22: 156000 | G22: 156000 | H22: 156000 | I22: 156000 | J22: 156000 | K22: 132000 | L22: 129000 | M22: 129000
A23: Energía_Bloq. >3.000 KWh (KWh adicional) | B23: 45 | C23: 45 | D23: 45 | E23: 51.8 | F23: 52 | G23: 52 | H23: 52 | I23: 52 | J23: 52 | K23: 44 | L23: 43 | M23: 43
A24: Potencia_Menor igual al diferencial (mínimo) | B24: 71070 | C24: 71070 | D24: 71070 | E24: 81624.667 | F24: 81930 | G24: 81930 | H24: 82130 | I24: 82130 | J24: 82130 | K24: 69350 | L24: 66930 | M24: 66930
A25: Potencia_Mayor al diferencial (adicional) | B25: 7107 | C25: 7107 | D25: 7107 | E25: 8162.4667 | F25: 8193 | G25: 8193 | H25: 8213 | I25: 8213 | J25: 8213 | K25: 6935 | L25: 6693 | M25: 6693
A26: MEDIA TENSIÓN (T-MT)
A27: T-MT
A28: Energía_Punta | B28: 63 | C28: 63 | D28: 63 | E28: 72.733333 | F28: 73 | G28: 73 | H28: 70 | I28: 70 | J28: 70 | K28: 59 | L28: 57 | M28: 57
A29: Energía_Valle | B29: 32 | C29: 32 | D29: 32 | E29: 35.866667 | F29: 36 | G29: 36 | H29: 36 | I29: 36 | J29: 36 | K29: 30 | L29: 29 | M29: 29
A30: Energía_Noche | B30: 26 | C30: 26 | D30: 26 | E30: 29.866667 | F30: 30 | G30: 30 | H30: 29 | I30: 29 | J30: 29 | K30: 25 | L30: 24 | M30: 24
A31: Potencia_Punta | B31: 10497 | C31: 10497 | D31: 10497 | E31: 12055.933 | F31: 12101 | G31: 12101 | H31: 11682 | I31: 11682 | J31: 11682 | K31: 9864 | L31: 9520 | M31: 9520
A32: Potencia_Valle | B32: 7293 | C32: 7293 | D32: 7293 | E32: 8376.6667 | F32: 8408 | G32: 8408 | H32: 8118 | I32: 8118 | J32: 8118 | K32: 6855 | L32: 6615 | M32: 6615
A33: Potencia_Noche | B33: 4860 | C33: 4860 | D33: 4860 | E33: 5582.1333 | F33: 5603 | G33: 5603 | H33: 5410 | I33: 5410 | J33: 5410 | K33: 4568 | L33: 4408 | M33: 4408
A34: ALUMBRADO PÚBLICO
A35: T-AP
A36: Cada KWh | B36: 3.05 | C36: 3.05 | D36: 3.05 | E36: 3.05 | F36: 3.05 | G36: 3.05 | H36: 3.05 | I36: 3.05 | J36: 3.05 | K36: 3.05 | L36: 3.05 | M36: 3.05

Sheet CL 2013
A5: Tabla 6
A6: Tarifas del servicio de distribución eléctrica y alumbrado público prestado por Coopelesca R.L para el año 2013, según el mes y el tipo de tarifa respectivo.
A7: Tipo de tarifa y bloque | B7: Enero | C7: Febrero | D7: Marzo | E7: Abril | F7: Mayo | G7: Junio | H7: Julio | I7: Agosto | J7: Septiembre | K7: Octubre | L7: Noviembre | M7: Diciembre
A8: RESIDENCIAL
A9: T-RE
A10: Primeros 200 KWh | B10: 78 | C10: 78 | D10: 82.064516 | E10: 91.933333 | F10: 92 | G10: 92 | H10: 83 | I10: 83 | J10: 83 | K10: 78 | L10: 77 | M10: 77
A11: kWh adicional | B11: 96 | C11: 96 | D11: 101.22581 | E11: 114.86667 | F11: 115 | G11: 115 | H11: 102 | I11: 102 | J11: 102 | K11: 96 | L11: 95 | M11: 95
A12: GENERAL
A13: T-GE
A14: Energía_Bloq. ≤3.000 KWh | B14: 104 | C14: 104 | D14: 106.90323 | E14: 118.86667 | F14: 119 | G14: 119 | H14: 108 | I14: 108 | J14: 108 | K14: 101 | L14: 100 | M14: 100
A15: Energía_Bloq. >3.000 KWh (primeros 3000 KWh) | B15: 255000 | C15: 255000 | D15: 261967.74 | E15: 293600 | F15: 294000 | G15: 294000 | H15: 261000 | I15: 261000 | J15: 261000 | K15: 246000 | L15: 243000 | M15: 243000
A16: Energía_Bloq. >3.000 KWh (KWh adicional) | B16: 85 | C16: 85 | D16: 87.322581 | E16: 97.866667 | F16: 98 | G16: 98 | H16: 87 | I16: 87 | J16: 87 | K16: 82 | L16: 81 | M16: 81
A17: Potencia_Menor igual al diferencial (mínimo) | B17: 76845 | C17: 76845 | D17: 63638.226 | E17: 59058 | F17: 59120 | G17: 59120 | H17: 52960 | I17: 52960 | J17: 52960 | K17: 49850 | L17: 49140 | M17: 49140
A18: Potencia_Mayor al diferencial (adicional) | B18: 5123 | C18: 5123 | D18: 5289.6452 | E18: 5905.8 | F18: 5912 | G18: 5912 | H18: 5296 | I18: 5296 | J18: 5296 | K18: 4985 | L18: 4914 | M18: 4914
A19: MEDIA TENSIÓN (T-MT)
A20: T-MT
A21: Energía_Punta | B21: 86 | C21: 86 | D21: 87.16129 | E21: 96.866667 | F21: 97 | G21: 97 | H21: 86 | I21: 86 | J21: 86 | K21: 81 | L21: 80 | M21: 80
A22: Energía_Valle | B22: 73 | C22: 73 | D22: 73.580645 | E22: 80.933333 | F22: 81 | G22: 81 | H22: 73 | I22: 73 | J22: 73 | K22: 69 | L22: 68 | M22: 68
A23: Energía_Noche | B23: 66 | C23: 66 | D23: 66.580645 | E23: 72.933333 | F23: 73 | G23: 73 | H23: 66 | I23: 66 | J23: 66 | K23: 62 | L23: 61 | M23: 61
A24: Potencia_Punta | B24: 4971 | C24: 4971 | D24: 5029.0645 | E24: 5535.2 | F24: 5541 | G24: 5541 | H24: 4963 | I24: 4963 | J24: 4963 | K24: 4671 | L24: 4605 | M24: 4605
A25: Potencia_Valle | B25: 4971 | C25: 4971 | D25: 5029.0645 | E25: 5535.2 | F25: 5541 | G25: 5541 | H25: 4963 | I25: 4963 | J25: 4963 | K25: 4671 | L25: 4605 | M25: 4605
A26: ALUMBRADO PÚBLICO
A27: T-AP
A28: Cada KWh | B28: 3.71 | C28: 3.71 | D28: 3.8841935 | E28: 4.01 | F28: 4.01 | G28: 4.01 | H28: 4.01 | I28: 4.01 | J28: 4.01 | K28: 4.01 | L28: 4.01 | M28: 4.01

Sheet CG 2013
A5: Tabla 7
A6: Tarifas del servicio de distribución eléctrica y alumbrado público prestado por CoopeGuanacaste R.L para el año 2013, según el mes y el tipo de tarifa respectivo.
A7: Tipo de tarifa y bloque | B7: Enero | C7: Febrero | D7: Marzo | E7: Abril | F7: Mayo | G7: Junio | H7: Julio | I7: Agosto | J7: Septiembre | K7: Octubre | L7: Noviembre | M7: Diciembre
A8: RESIDENCIAL
A9: T-RE
A10: Primeros 200 KWh | B10: 70 | C10: 70 | D10: 70 | E10: 78.8 | F10: 79 | G10: 79 | H10: 76 | I10: 76 | J10: 76 | K10: 66 | L10: 64 | M10: 64
A11: kWh adicional | B11: 99 | C11: 99 | D11: 99 | E11: 110.73333 | F11: 111 | G11: 111 | H11: 106 | I11: 106 | J11: 106 | K11: 92 | L11: 90 | M11: 90
A12: GENERAL
A13: T-GE
A14: Energía_Bloq. ≤3.000 KWh | B14: 103 | C14: 103 | D14: 103 | E14: 116.66667 | F14: 117 | G14: 117 | H14: 111 | I14: 111 | J14: 111 | K14: 96 | L14: 94 | M14: 94
A15: Energía_Bloq. >3.000 KWh (primeros 3000 KWh) | B15: 192000 | C15: 192000 | D15: 192000 | E15: 218400 | F15: 219000 | G15: 219000 | H15: 210000 | I15: 210000 | J15: 210000 | K15: 183000 | L15: 180000 | M15: 180000
A16: Energía_Bloq. >3.000 KWh (KWh adicional) | B16: 64 | C16: 64 | D16: 64 | E16: 72.8 | F16: 73 | G16: 73 | H16: 70 | I16: 70 | J16: 70 | K16: 61 | L16: 60 | M16: 60
A17: Potencia_Menor igual al diferencial (mínimo) | B17: 96410 | C17: 96410 | D17: 96410 | E17: 108308.67 | F17: 108600 | G17: 108600 | H17: 104140 | I17: 104140 | J17: 104140 | K17: 90180 | L17: 87980 | M17: 87980
A18: Potencia_Mayor al diferencial (adicional) | B18: 9641 | C18: 9641 | D18: 9641 | E18: 10830.867 | F18: 10860 | G18: 10860 | H18: 10414 | I18: 10414 | J18: 10414 | K18: 9018 | L18: 8798 | M18: 8798
A19: MEDIA TENSIÓN (T-MT)
A20: T-MT
A21: Energía_Punta | B21: 87 | C21: 87 | D21: 87 | E21: 97.733333 | F21: 98 | G21: 98 | H21: 93 | I21: 93 | J21: 93 | K21: 80 | L21: 78 | M21: 78
A22: Energía_Valle | B22: 74 | C22: 74 | D22: 74 | E22: 82.8 | F22: 83 | G22: 83 | H22: 81 | I22: 81 | J22: 81 | K22: 70 | L22: 68 | M22: 68
A23: Energía_Noche | B23: 65 | C23: 65 | D23: 65 | E23: 73.8 | F23: 74 | G23: 74 | H23: 71 | I23: 71 | J23: 71 | K23: 62 | L23: 61 | M23: 61
A24: Potencia_Punta | B24: 3892 | C24: 3892 | D24: 3892 | E24: 4371.2667 | F24: 4383 | G24: 4383 | H24: 4204 | I24: 4204 | J24: 4204 | K24: 3640 | L24: 3552 | M24: 3552
A25: Potencia_Valle | B25: 3892 | C25: 3892 | D25: 3892 | E25: 4371.2667 | F25: 4383 | G25: 4383 | H25: 4204 | I25: 4204 | J25: 4204 | K25: 3640 | L25: 3552 | M25: 3552
A26: ALUMBRADO PÚBLICO
A27: T-AP
A28: Cada KWh | B28: 2.19 | C28: 2.19 | D28: 2.19 | E28: 2.19 | F28: 2.19 | G28: 2.19 | H28: 2.19 | I28: 2.19 | J28: 2.19 | K28: 2.19 | L28: 2.19 | M28: 2.19

Sheet CS 2013
A5: Tabla 8
A6: Tarifas del servicio de distribución eléctrica y alumbrado público prestado por CoopeSantos R.L para el año 2013, según el mes y el tipo de tarifa respectivo.
A7: Tipo de tarifa y bloque | B7: Enero | C7: Febrero | D7: Marzo | E7: Abril | F7: Mayo | G7: Junio | H7: Julio | I7: Agosto | J7: Septiembre | K7: Octubre | L7: Noviembre | M7: Diciembre
A8: RESIDENCIAL
A9: T-RE
A10: Primeros 200 KWh | B10: 71 | C10: 71 | D10: 71 | E10: 79.866667 | F10: 80 | G10: 80 | H10: 75 | I10: 75 | J10: 79.666667 | K10: 77 | L10: 77 | M10: 77
A11: kWh adicional | B11: 123 | C11: 123 | D11: 123 | E11: 136.8 | F11: 137 | G11: 137 | H11: 129 | I11: 129 | J11: 133.2 | K11: 124 | L11: 124 | M11: 124
A12: GENERAL
A13: T-GE
A14: Energía_Bloq. ≤3.000 KWh | B14: 141 | C14: 141 | D14: 141 | E14: 158 | F14: 158 | G14: 158 | H14: 149 | I14: 149 | J14: 156.46667 | K14: 149 | L14: 149 | M14: 149
A15: Energía_Bloq. >3.000 KWh (primeros 3000 KWh) | B15: 252000 | C15: 252000 | D15: 252000 | E15: 284600 | F15: 285000 | G15: 285000 | H15: 270000 | I15: 270000 | J15: 284000 | K15: 270000 | L15: 270000 | M15: 270000
A16: Energía_Bloq. >3.000 KWh (KWh adicional) | B16: 84 | C16: 84 | D16: 84 | E16: 94.866667 | F16: 95 | G16: 95 | H16: 90 | I16: 90 | J16: 94.666667 | K16: 90 | L16: 90 | M16: 90
A17: Potencia_Menor igual al diferencial (mínimo) | B17: 209355 | C17: 209355 | D17: 209355 | E17: 234370 | F17: 234705 | G17: 234705 | H17: 221370 | I17: 221370 | J17: 232633 | K17: 221130 | L17: 221130 | M17: 221130
A18: Potencia_Mayor al diferencial (adicional) | B18: 13957 | C18: 13957 | D18: 13957 | E18: 15624.667 | F18: 15647 | G18: 15647 | H18: 14758 | I18: 14758 | J18: 15508.867 | K18: 14742 | L18: 14742 | M18: 14742
A19: PREFERENCIAL
A20: T-CS
A21: Energía_Bloq. ≤ 250 KWh | B21: 111 | C21: 111 | D21: 111 | E21: 125 | F21: 125 | G21: 125 | H21: 118 | I21: 118 | J21: 118 | K21: 106 | L21: 106 | M21: 106
A22: Energía_Bloq. De 251 a 3.000 KWh | B22: 141 | C22: 141 | D22: 141 | E22: 158 | F22: 158 | G22: 158 | H22: 149 | I22: 149 | J22: 149 | K22: 149 | L22: 149 | M22: 149
A23: Energía_Bloq. >3.000 KWh (primeros 3000 KWh) | B23: 252000 | C23: 252000 | D23: 252000 | E23: 285000 | F23: 285000 | G23: 285000 | H23: 270000 | I23: 270000 | J23: 284000 | K23: 270000 | L23: 270000 | M23: 270000
A24: Energía_Bloq. >3.000 KWh (KWh adicional) | B24: 84 | C24: 84 | D24: 84 | E24: 95 | F24: 95 | G24: 95 | H24: 90 | I24: 90 | J24: 94.666667 | K24: 90 | L24: 90 | M24: 90
A25: Potencia_Menor igual al diferencial (mínimo) | B25: 209355 | C25: 209355 | D25: 209355 | E25: 234705 | F25: 234705 | G25: 234705 | H25: 221370 | I25: 221370 | J25: 232633 | K25: 221130 | L25: 221130 | M25: 221130
A26: Potencia_Mayor al diferencial (adicional) | B26: 13957 | C26: 13957 | D26: 13957 | E26: 15647 | F26: 15647 | G26: 15647 | H26: 14758 | I26: 14758 | J26: 15508.867 | K26: 14742 | L26: 14742 | M26: 14742
A27: MEDIA TENSIÓN (T-MT)
A28: T-MT
A29: Energía_Punta | B29: 64 | C29: 64 | D29: 64 | E29: 71.866667 | F29: 72 | G29: 72 | H29: 67 | I29: 67 | J29: 72.6 | K29: 71 | L29: 71 | M29: 71
A30: Energía_Valle | B30: 27 | C30: 27 | D30: 27 | E30: 29.933333 | F30: 30 | G30: 30 | H30: 28 | I30: 28 | J30: 29.4 | K30: 28 | L30: 28 | M30: 28
A31: Energía_Noche | B31: 16 | C31: 16 | D31: 16 | E31: 18 | F31: 18 | G31: 18 | H31: 18 | I31: 18 | J31: 18.933333 | K31: 18 | L31: 18 | M31: 18
A32: Potencia_Punta | B32: 10326 | C32: 10326 | D32: 10326 | E32: 11559.467 | F32: 11576 | G32: 11576 | H32: 10918 | I32: 10918 | J32: 11427.133 | K32: 10817 | L32: 10817 | M32: 10817
A33: Potencia_Valle | B33: 7405 | C33: 7405 | D33: 7405 | E33: 8290.1333 | F33: 8302 | G33: 8302 | H33: 7829 | I33: 7829 | J33: 8194.4 | K33: 7756 | L33: 7756 | M33: 7756
A34: Potencia_Noche | B34: 4722 | C34: 4722 | D34: 4722 | E34: 5285.4667 | F34: 5293 | G34: 5293 | H34: 4992 | I34: 4992 | J34: 5225.3333 | K34: 4947 | L34: 4947 | M34: 4947
A35: ALUMBRADO PÚBLICO
A36: T-AP
A37: Cada KWh | B37: 3.72 | C37: 3.72 | D37: 3.72 | E37: 3.72 | F37: 3.72 | G37: 3.72 | H37: 3.72 | I37: 3.72 | J37: 3.72 | K37: 3.72 | L37: 3.72 | M37: 3.72

Sheet CAR 2013
A5: Tabla 9
A6: Tarifas del servicio de distribución eléctrica y alumbrado público prestado por CoopeAlfaroRuiz R.L para el año 2013, según el mes y el tipo de tarifa respectivo.
A7: Tipo de tarifa y bloque | B7: Enero | C7: Febrero | D7: Marzo | E7: Abril | F7: Mayo | G7: Junio | H7: Julio | I7: Agosto | J7: Septiembre | K7: Octubre | L7: Noviembre | M7: Diciembre
A8: RESIDENCIAL
A9: T-RE
A10: Primeros 200 KWh | B10: 72 | C10: 72 | D10: 72 | E10: 77.933333 | F10: 78 | G10: 78 | H10: 75 | I10: 75 | J10: 75 | K10: 65 | L10: 63 | M10: 63
A11: kWh adicional | B11: 93 | C11: 93 | D11: 93 | E11: 100.93333 | F11: 101 | G11: 101 | H11: 97 | I11: 97 | J11: 97 | K11: 84 | L11: 82 | M11: 82
A12: GENERAL
A13: T-GE
A14: Energía_Bloq. ≤3.000 KWh | B14: 100 | C14: 100 | D14: 100 | E14: 107.93333 | F14: 108 | G14: 108 | H14: 105 | I14: 105 | J14: 105 | K14: 91 | L14: 88 | M14: 88
A15: Energía_Bloq. >3.000 KWh (primeros 3000 KWh) | B15: 180000 | C15: 180000 | D15: 180000 | E15: 198000 | F15: 198000 | G15: 198000 | H15: 189000 | I15: 189000 | J15: 189000 | K15: 165000 | L15: 162000 | M15: 162000
A16: Energía_Bloq. >3.000 KWh (KWh adicional) | B16: 60 | C16: 60 | D16: 60 | E16: 66 | F16: 66 | G16: 66 | H16: 63 | I16: 63 | J16: 63 | K16: 55 | L16: 54 | M16: 54
A17: Potencia_Menor igual al diferencial (mínimo) | B17: 141990 | C17: 141990 | D17: 141990 | E17: 103040 | F17: 103040 | G17: 103040 | H17: 149445 | I17: 149445 | J17: 149445 | K17: 129240 | L17: 125925 | M17: 125925
A18: Potencia_Mayor al diferencial (adicional) | B18: 9466 | C18: 9466 | D18: 9466 | E18: 10304 | F18: 10304 | G18: 10304 | H18: 9963 | I18: 9963 | J18: 9963 | K18: 8616 | L18: 8395 | M18: 8395
A19: ALUMBRADO PÚBLICO
A20: T-AP
A21: Cada KWh | B21: 3.18 | C21: 3.18 | D21: 3.18 | E21: 3.18 | F21: 3.18 | G21: 3.18 | H21: 3.18 | I21: 3.18 | J21: 3.18 | K21: 3.18 | L21: 3.18 | M21: 3.18

Sheet 2014
B2: Seleccione la empresa que desea consultar:

Sheet ICE 2014
A5: Tabla 1
A6: Tarifas del servicio de generación eléctrica prestado por el ICE para el año 2014, según el mes y el tipo de tarifa respectivo.
A7: Tipo de tarifa y bloque | B7: Enero | C7: Febrero | D7: Marzo | E7: Abril | F7: Mayo | G7: Junio | H7: Julio | I7: Agosto | J7: Septiembre | K7: Octubre | L7: Noviembre | M7: Diciembre
A8: Ventas a ICE distribución y a la CNFL
A9: T-CB
A10: Energía_Punta | B10: 51.5 | C10: 51.5 | D10: 51.5 | E10: 58 | F10: 58 | G10: 58 | H10: 63 | I10: 63 | J10: 63 | K10: 58.9 | L10: 58.9 | M10: 58.9
A11: Energía_Valle | B11: 42.2 | C11: 42.2 | D11: 42.2 | E11: 47 | F11: 47 | G11: 47 | H11: 51 | I11: 51 | J11: 51 | K11: 48.2 | L11: 48.2 | M11: 48.2
A12: Energía_Noche | B12: 35.8 | C12: 35.8 | D12: 35.8 | E12: 40 | F12: 40 | G12: 40 | H12: 44 | I12: 44 | J12: 44 | K12: 41 | L12: 41 | M12: 41
A13: Potencia_Punta | B13: 2731 | C13: 2731 | D13: 2731 | E13: 3057 | F13: 3057 | G13: 3057 | H13: 3327 | I13: 3327 | J13: 3327 | K13: 3122 | L13: 3122 | M13: 3122
A14: Potencia_Valle | B14: 2731 | C14: 2731 | D14: 2731 | E14: 3057 | F14: 3057 | G14: 3057 | H14: 3327 | I14: 3327 | J14: 3327 | K14: 3122 | L14: 3122 | M14: 3122
A15: VENTAS AL SERVICIO DE DISTRIBUCIÓN
A16: T-SD
A17: Energía_Punta | B17: 50.8 | C17: 50.8 | D17: 50.8 | E17: 56.9 | F17: 56.9 | G17: 56.9 | H17: 61.9 | I17: 61.9 | J17: 61.9 | K17: 58.1 | L17: 58.1 | M17: 58.1
A18: Energía_Valle | B18: 41.7 | C18: 41.7 | D18: 41.7 | E18: 46.7 | F18: 46.7 | G18: 46.7 | H18: 50.8 | I18: 50.8 | J18: 50.8 | K18: 47.6 | L18: 47.6 | M18: 47.6
A19: Energía_Noche | B19: 35.6 | C19: 35.6 | D19: 35.6 | E19: 39.8 | F19: 39.8 | G19: 39.8 | H19: 43.3 | I19: 43.3 | J19: 43.3 | K19: 40.7 | L19: 40.7 | M19: 40.7
A20: Potencia_Punta | B20: 2731 | C20: 2731 | D20: 2731 | E20: 3057 | F20: 3057 | G20: 3057 | H20: 3327 | I20: 3327 | J20: 3327 | K20: 3122 | L20: 3122 | M20: 3122
A21: Potencia_Valle | B21: 2731 | C21: 2731 | D21: 2731 | E21: 3057 | F21: 3057 | G21: 3057 | H21: 3327 | I21: 3327 | J21: 3327 | K21: 3122 | L21: 3122 | M21: 3122
A22: USUARIOS DIRECTOS
A23: T-UD
A24: Energía_Punta | B24: 0.062 | C24: 0.062 | D24: 0.062 | E24: 0.064 | F24: 0.064 | G24: 0.064 | H24: 0.058 | I24: 0.058 | J24: 0.058 | K24: 0.059 | L24: 0.059 | M24: 0.059
A25: Energía_Valle | B25: 0.051 | C25: 0.051 | D25: 0.051 | E25: 0.053 | F25: 0.053 | G25: 0.053 | H25: 0.047 | I25: 0.047 | J25: 0.047 | K25: 0.049 | L25: 0.049 | M25: 0.049
A26: Energía_Noche | B26: 0.044 | C26: 0.044 | D26: 0.044 | E26: 0.045 | F26: 0.045 | G26: 0.045 | H26: 0.041 | I26: 0.041 | J26: 0.041 | K26: 0.042 | L26: 0.042 | M26: 0.042
A27: Potencia_Punta | B27: 3.29 | C27: 3.29 | D27: 3.29 | E27: 3.41 | F27: 3.41 | G27: 3.41 | H27: 3.06 | I27: 3.06 | J27: 3.06 | K27: 3.13 | L27: 3.13 | M27: 3.13
A28: Potencia_Valle | B28: 3.29 | C28: 3.29 | D28: 3.29 | E28: 3.41 | F28: 3.41 | G28: 3.41 | H28: 3.06 | I28: 3.06 | J28: 3.06 | K28: 3.13 | L28: 3.13 | M28: 3.13
A29: Fuente: Autoridad Reguladora de los Servicios Públicos
A30: * Las tarifas pueden diferir del valor puntual de los pliegos pues la tabla muestra el promedio del mes, y de existir dos o más tarifas que estuvieron vigentes, se realiza un promedio ponderado por la cantidad de días.
A38: Tabla 2
A39: Tarifas del servicio de distribución eléctrica y alumbrado público prestado por el ICE para el año 2014, según el mes y el tipo de tarifa respectivo.
A40: Tipo de tarifa y bloque | C40: Febrero | D40: Marzo | E40: Abril | F40: Mayo | G40: Junio | H40: Julio | I40: Agosto | J40: Septiembre | K40: Octubre | L40: Noviembre | M40: Diciembre
A41: RESIDENCIAL
A42: T-RE
A43: Primeros 200 KWh | B43: 81 | C43: 81 | D43: 81 | E43: 87 | F43: 87 | G43: 87 | H43: 91 | I43: 91 | J43: 91 | K43: 88 | L43: 88 | M43: 88
A44: De 201 a 300 KWh | B44: 128 | C44: 128 | D44: 128 | E44: 128 | F44: 128 | G44: 128 | H44: 128 | I44: 128 | J44: 128 | K44: 128 | L44: 128 | M44: 128
A45: kWh adicional | B45: 146 | C45: 146 | D45: 146 | E45: 156 | F45: 156 | G45: 156 | H45: 164 | I45: 164 | J45: 164 | K45: 159 | L45: 159 | M45: 159
A46: GENERAL
A47: T-GE
A48: Energía_Bloq. ≤3.000 KWh | B48: 122 | C48: 122 | D48: 122 | E48: 130 | F48: 130 | G48: 130 | H48: 137 | I48: 137 | J48: 137 | K48: 132 | L48: 132 | M48: 132
A49: Energía_Bloq. >3.000 KWh (KWh adicional) | B49: 73 | C49: 73 | D49: 73 | E49: 78 | F49: 78 | G49: 78 | H49: 82 | I49: 82 | J49: 82 | K49: 79 | L49: 79 | M49: 79
A50: Potencia_Mayor al diferencial (adicional) | B50: 12086 | C50: 12086 | D50: 12086 | E50: 12917 | F50: 12917 | G50: 12917 | H50: 13604 | I50: 13604 | J50: 13604 | K50: 13094 | L50: 13094 | M50: 13094
A51: PREFERENCIAL
A52: T-CS
A53: Energía_Bloq. ≤3.000 KWh | B53: 82 | C53: 82 | D53: 82 | E53: 88 | F53: 88 | G53: 88 | H53: 92 | I53: 92 | J53: 92 | K53: 89 | L53: 89 | M53: 89
A54: Energía_Bloq. >3.000 KWh (KWh adicional) | B54: 49 | C54: 49 | D54: 49 | E54: 52 | F54: 52 | G54: 52 | H54: 55 | I54: 55 | J54: 55 | K54: 54 | L54: 54 | M54: 54
A55: Potencia_Mayor al diferencial (adicional) | B55: 7916 | C55: 7916 | D55: 7916 | E55: 8460 | F55: 8460 | G55: 8460 | H55: 8910 | I55: 8910 | J55: 8910 | K55: 8576 | L55: 8576 | M55: 8576
A56: MEDIA TENSIÓN (T-MT)
A57: T-MT
A58: Energía_Punta | B58: 71 | C58: 71 | D58: 71 | E58: 76 | F58: 76 | G58: 76 | H58: 80 | I58: 80 | J58: 80 | K58: 76 | L58: 76 | M58: 76
A59: Energía_Valle | B59: 26 | C59: 26 | D59: 26 | E59: 28 | F59: 28 | G59: 28 | H59: 30 | I59: 30 | J59: 30 | K59: 29 | L59: 29 | M59: 29
A60: Energía_Noche | B60: 16 | C60: 16 | D60: 16 | E60: 17 | F60: 17 | G60: 17 | H60: 18 | I60: 18 | J60: 18 | K60: 18 | L60: 18 | M60: 18
A61: Potencia_Punta | B61: 11378 | C61: 11378 | D61: 11378 | E61: 12160 | F61: 12160 | G61: 12160 | H61: 12807 | I61: 12807 | J61: 12807 | K61: 12326 | L61: 12326 | M61: 12326
A62: Potencia_Valle | B62: 7944 | C62: 7944 | D62: 7944 | E62: 8490 | F62: 8490 | G62: 8490 | H62: 8942 | I62: 8942 | J62: 8942 | K62: 8607 | L62: 8607 | M62: 8607
A63: Potencia_Noche | B63: 5087 | C63: 5087 | D63: 5087 | E63: 5437 | F63: 5437 | G63: 5437 | H63: 5726 | I63: 5726 | J63: 5726 | K63: 5512 | L63: 5512 | M63: 5512
A64: MEDIA TENSIÓN (T-MTb)
A65: T-MTB
A66: Energía_Punta | B66: 0.119 | C66: 0.119 | D66: 0.119 | E66: 0.127 | F66: 0.127 | G66: 0.127 | H66: 0.134 | I66: 0.134 | J66: 0.134 | K66: 0.129 | L66: 0.129 | M66: 0.129
A67: Energía_Valle | B67: 0.042 | C67: 0.042 | D67: 0.042 | E67: 0.045 | F67: 0.045 | G67: 0.045 | H67: 0.047 | I67: 0.047 | J67: 0.047 | K67: 0.045 | L67: 0.045 | M67: 0.045
A68: Energía_Noche | B68: 0.026 | C68: 0.026 | D68: 0.026 | E68: 0.028 | F68: 0.028 | G68: 0.028 | H68: 0.03 | I68: 0.03 | J68: 0.03 | K68: 0.024 | L68: 0.024 | M68: 0.024
A69: Potencia_Punta | B69: 19.03 | C69: 19.03 | D69: 19.03 | E69: 20.34 | F69: 20.34 | G69: 20.34 | H69: 21.4 | I69: 21.4 | J69: 21.4 | K69: 20.62 | L69: 20.62 | M69: 20.62
A70: Potencia_Valle | B70: 13.29 | C70: 13.29 | D70: 13.29 | E70: 14.2 | F70: 14.2 | G70: 14.2 | H70: 15 | I70: 15 | J70: 15 | K70: 14.39 | L70: 14.39 | M70: 14.39
A71: Potencia_Noche | B71: 8.51 | C71: 8.51 | D71: 8.51 | E71: 9.09 | F71: 9.09 | G71: 9.09 | H71: 9.6 | I71: 9.6 | J71: 9.6 | K71: 9.22 | L71: 9.22 | M71: 9.22
A72: ALUMBRADO PÚBLICO
A73: T-AP
A74: Cada KWh | B74: 3.79 | C74: 3.79 | D74: 3.79 | E74: 3.79 | F74: 3.79 | G74: 3.79 | H74: 3.79 | I74: 3.79 | J74: 3.79 | K74: 3.79 | L74: 3.79 | M74: 3.79

Sheet CNFL 2014
A3: Tabla 3
A4: Tarifas del servicio de distribución eléctrica y alumbrado público prestado por la CNFL para el año 2014, según el mes y el tipo de tarifa respectivo.
A5: Tipo de tarifa y bloque | B5: Enero | C5: Febrero | D5: Marzo | E5: Abril | F5: Mayo | G5: Junio | H5: Julio | I5: Agosto | J5: Septiembre | K5: Octubre | L5: Noviembre | M5: Diciembre
A6: RESIDENCIAL
A7: T-RE
A8: Primeros 200 KWh | B8: 67 | C8: 67 | D8: 67 | E8: 72 | F8: 72 | G8: 72 | H8: 75 | I8: 75 | J8: 75 | K8: 69 | L8: 69 | M8: 69
A9: De 201 a 300 KWh | B9: 102 | C9: 102 | D9: 102 | E9: 110 | F9: 110 | G9: 110 | H9: 114 | I9: 114 | J9: 114 | K9: 106 | L9: 106 | M9: 106
A10: kWh adicional | B10: 106 | C10: 106 | D10: 106 | E10: 113 | F10: 113 | G10: 113 | H10: 118 | I10: 118 | J10: 118 | K10: 110 | L10: 110 | M10: 110
A11: GENERAL
A12: T-GE
A13: Energía_Bloq. ≤3.000 KWh | B13: 113 | C13: 113 | D13: 113 | E13: 121 | F13: 121 | G13: 121 | H13: 126 | I13: 126 | J13: 126 | K13: 117 | L13: 117 | M13: 117
A14: Energía_Bloq. >3.000 KWh (primeros 3000 KWh) | B14: 204000 | C14: 204000 | D14: 204000 | E14: 219000 | F14: 219000 | G14: 219000 | H14: 228000 | I14: 228000 | J14: 228000 | K14: 213000 | L14: 213000 | M14: 213000
A15: Energía_Bloq. >3.000 KWh (KWh adicional) | B15: 68 | C15: 68 | D15: 68 | E15: 73 | F15: 73 | G15: 73 | H15: 76 | I15: 76 | J15: 76 | K15: 71 | L15: 71 | M15: 71
A16: Potencia_Menor igual al diferencial (mínimo) | B16: 84856 | C16: 84856 | D16: 84856 | E16: 91088 | F16: 91088 | G16: 91088 | H16: 95032 | I16: 95032 | J16: 95032 | K16: 88400 | L16: 88400 | M16: 88400
A17: Potencia_Mayor al diferencial (adicional) | B17: 10607 | C17: 10607 | D17: 10607 | E17: 11386 | F17: 11386 | G17: 11386 | H17: 11879 | I17: 11879 | J17: 11879 | K17: 11050 | L17: 11050 | M17: 11050
A18: PREFERENCIAL
A19: T-CS
A20: Energía_Bloq. ≤3.000 KWh | B20: 76 | C20: 76 | D20: 76 | E20: 81 | F20: 81 | G20: 81 | H20: 85 | I20: 85 | J20: 85 | K20: 79 | L20: 79 | M20: 79
A21: Energía_Bloq. >3.000 KWh (primeros 3000 KWh) | B21: 132000 | C21: 132000 | D21: 132000 | E21: 141000 | F21: 141000 | G21: 141000 | H21: 147000 | I21: 147000 | J21: 147000 | K21: 135000 | L21: 135000 | M21: 135000
A22: Energía_Bloq. >3.000 KWh (KWh adicional) | B22: 44 | C22: 44 | D22: 44 | E22: 47 | F22: 47 | G22: 47 | H22: 49 | I22: 49 | J22: 49 | K22: 45 | L22: 45 | M22: 45
A23: Potencia_Menor igual al diferencial (mínimo) | B23: 56528 | C23: 56528 | D23: 56528 | E23: 60680 | F23: 60680 | G23: 60680 | H23: 63312 | I23: 63312 | J23: 63312 | K23: 58896 | L23: 58896 | M23: 58896
A24: Potencia_Mayor al diferencial (adicional) | B24: 7066 | C24: 7066 | D24: 7066 | E24: 7585 | F24: 7585 | G24: 7585 | H24: 7914 | I24: 7914 | J24: 7914 | K24: 7362 | L24: 7362 | M24: 7362
A25: MEDIA TENSIÓN (T-MT)
A26: T-MT
A27: Energía_Punta | B27: 57 | C27: 57 | D27: 57 | E27: 62 | F27: 62 | G27: 62 | H27: 64 | I27: 64 | J27: 64 | K27: 60 | L27: 60 | M27: 60
A28: Energía_Valle | B28: 29 | C28: 29 | D28: 29 | E28: 31 | F28: 31 | G28: 31 | H28: 32 | I28: 32 | J28: 32 | K28: 30 | L28: 30 | M28: 30
A29: Energía_Noche | B29: 21 | C29: 21 | D29: 21 | E29: 22 | F29: 22 | G29: 22 | H29: 23 | I29: 23 | J29: 23 | K29: 22 | L29: 22 | M29: 22
A30: Potencia_Punta | B30: 10068 | C30: 10068 | D30: 10068 | E30: 10808 | F30: 10808 | G30: 10808 | H30: 11276 | I30: 11276 | J30: 11276 | K30: 10489 | L30: 10489 | M30: 10489
A31: Potencia_Valle | B31: 7164 | C31: 7164 | D31: 7164 | E31: 7690 | F31: 7690 | G31: 7690 | H31: 8023 | I31: 8023 | J31: 8023 | K31: 7463 | L31: 7463 | M31: 7463
A32: Potencia_Noche | B32: 4548 | C32: 4548 | D32: 4548 | E32: 4882 | F32: 4882 | G32: 4882 | H32: 5093 | I32: 5093 | J32: 5093 | K32: 4738 | L32: 4738 | M32: 4738
A33: Residencial horaria
A34: T-REH
A35: Bloque 0-300 KWh Punta | B35: 141 | C35: 141 | D35: 141 | E35: 152 | F35: 152 | G35: 152 | H35: 158 | I35: 158 | J35: 158 | K35: 147 | L35: 147 | M35: 147
A36: Bloque 0-300 KWh Valle | B36: 59 | C36: 59 | D36: 59 | E36: 63 | F36: 63 | G36: 63 | H36: 66 | I36: 66 | J36: 66 | K36: 61 | L36: 61 | M36: 61
A37: Bloque 0-300 KWh Noche | B37: 24 | C37: 24 | D37: 24 | E37: 26 | F37: 26 | G37: 26 | H37: 27 | I37: 27 | J37: 27 | K37: 25 | L37: 25 | M37: 25
A38: Bloque 301-500 KWh Punta | B38: 161 | C38: 161 | D38: 161 | E38: 173 | F38: 173 | G38: 173 | H38: 180 | I38: 180 | J38: 180 | K38: 167 | L38: 167 | M38: 167
A39: Bloque 301-500 KWh Valle | B39: 65 | C39: 65 | D39: 65 | E39: 70 | F39: 70 | G39: 70 | H39: 73 | I39: 73 | J39: 73 | K39: 68 | L39: 68 | M39: 68
A40: Bloque 301-500 KWh Noche | B40: 28 | C40: 28 | D40: 28 | E40: 30 | F40: 30 | G40: 30 | H40: 31 | I40: 31 | J40: 31 | K40: 29 | L40: 29 | M40: 29
A41: Bloque más de 500 KWh Punta | B41: 191 | C41: 191 | D41: 191 | E41: 205 | F41: 205 | G41: 205 | H41: 214 | I41: 214 | J41: 214 | K41: 199 | L41: 199 | M41: 199
A42: Bloque más de 500 KWh Valle | B42: 77 | C42: 77 | D42: 77 | E42: 83 | F42: 83 | G42: 83 | H42: 86 | I42: 86 | J42: 86 | K42: 80 | L42: 80 | M42: 80
A43: Bloque más de 500 KWh Noche | B43: 36 | C43: 36 | D43: 36 | E43: 38 | F43: 38 | G43: 38 | H43: 40 | I43: 40 | J43: 40 | K43: 37 | L43: 37 | M43: 37
A44: PROMOCIONAL
A45: T-6
A46: Energía_Bloq. ≤3.000 KWh
A47: Energía_Bloq. >3.000 KWh (primeros 3000 KWh)
A48: Energía_Bloq. >3.000 KWh (KWh adicional)
A49: Potencia_Menor igual al diferencial (mínimo)
A50: Potencia_Mayor al diferencial (adicional)
A51: ALUMBRADO PÚBLICO
A52: T-AP
A53: Cada KWh | B53: 3.24 | C53: 3.24 | D53: 3.24 | E53: 3.24 | F53: 3.24 | G53: 3.24 | H53: 3.24 | I53: 3.24 | J53: 3.24 | K53: 3.24 | L53: 3.24 | M53: 3.24

Sheet JASEC 2014
A4: Tabla 4
A5: Tarifas del servicio de distribución eléctrica y alumbrado público prestado por JASEC para el año 2014, según el mes y el tipo de tarifa respectivo.
A6: Tipo de tarifa y bloque | B6: Enero | C6: Febrero | D6: Marzo | E6: Abril | F6: Mayo | G6: Junio | H6: Julio | I6: Agosto | J6: Septiembre | K6: Octubre | L6: Noviembre | M6: Diciembre
A7: RESIDENCIAL
A8: T-RE
A9: Primeros 200 KWh | B9: 65 | C9: 65 | D9: 65 | E9: 71 | F9: 71 | G9: 71 | H9: 73 | I9: 73 | J9: 73 | K9: 69 | L9: 69 | M9: 69
A10: kWh adicional | B10: 80 | C10: 80 | D10: 80 | E10: 87 | F10: 87 | G10: 87 | H10: 89 | I10: 89 | J10: 89 | K10: 85 | L10: 85 | M10: 85
A11: GENERAL
A12: T-GE
A13: Energía_Bloq. ≤3.000 KWh | B13: 92 | C13: 92 | D13: 92 | E13: 101 | F13: 101 | G13: 101 | H13: 103 | I13: 103 | J13: 103 | K13: 98 | L13: 98 | M13: 98
A14: Energía_Bloq. >3.000 KWh (primeros 3000 KWh) | B14: 165000 | C14: 165000 | D14: 165000 | E14: 180000 | F14: 180000 | G14: 180000 | H14: 186000 | I14: 186000 | J14: 186000 | K14: 174000 | L14: 174000 | M14: 174000
A15: Energía_Bloq. >3.000 KWh (KWh adicional) | B15: 55 | C15: 55 | D15: 55 | E15: 60 | F15: 60 | G15: 60 | H15: 62 | I15: 62 | J15: 62 | K15: 58 | L15: 58 | M15: 58
A16: Potencia_Menor igual al diferencial (mínimo) | B16: 69144 | C16: 69144 | D16: 69144 | E16: 75216 | F16: 75216 | G16: 75216 | H16: 77256 | I16: 77256 | J16: 77256 | K16: 73000 | L16: 73000 | M16: 73000
A17: Potencia_Mayor al diferencial (adicional) | B17: 8643 | C17: 8643 | D17: 8643 | E17: 9402 | F17: 9402 | G17: 9402 | H17: 9657 | I17: 9657 | J17: 9657 | K17: 9125 | L17: 9125 | M17: 9125
A18: PREFERENCIAL
A19: T-CS
A20: Energía_Bloq. ≤3.000 KWh | B20: 67 | C20: 67 | D20: 67 | E20: 72 | F20: 72 | G20: 72 | H20: 74 | I20: 74 | J20: 74 | K20: 70 | L20: 70 | M20: 70
A21: Energía_Bloq. >3.000 KWh (primeros 3000 KWh) | B21: 114000 | C21: 114000 | D21: 114000 | E21: 126000 | F21: 126000 | G21: 126000 | H21: 129000 | I21: 129000 | J21: 129000 | K21: 120000 | L21: 120000 | M21: 120000
A22: Energía_Bloq. >3.000 KWh (KWh adicional) | B22: 38 | C22: 38 | D22: 38 | E22: 42 | F22: 42 | G22: 42 | H22: 43 | I22: 43 | J22: 43 | K22: 40 | L22: 40 | M22: 40
A23: Potencia_Menor igual al diferencial (mínimo) | B23: 46464 | C23: 46464 | D23: 46464 | E23: 50552 | F23: 50552 | G23: 50552 | H23: 51920 | I23: 51920 | J23: 51920 | K23: 49056 | L23: 49056 | M23: 49056
A24: Potencia_Mayor al diferencial (adicional) | B24: 5808 | C24: 5808 | D24: 5808 | E24: 6319 | F24: 6319 | G24: 6319 | H24: 6490 | I24: 6490 | J24: 6490 | K24: 6132 | L24: 6132 | M24: 6132
A25: MEDIA TENSIÓN (T-MT)
A26: T-MT
A27: Energía_Punta | B27: 51 | C27: 51 | D27: 51 | E27: 55 | F27: 55 | G27: 55 | H27: 57 | I27: 57 | J27: 57 | K27: 54 | L27: 54 | M27: 54
A28: Energía_Valle | B28: 25 | C28: 25 | D28: 25 | E28: 27 | F28: 27 | G28: 27 | H28: 28 | I28: 28 | J28: 28 | K28: 26 | L28: 26 | M28: 26
A29: Energía_Noche | B29: 17 | C29: 17 | D29: 17 | E29: 18 | F29: 18 | G29: 18 | H29: 19 | I29: 19 | J29: 19 | K29: 18 | L29: 18 | M29: 18
A30: Potencia_Punta | B30: 8929 | C30: 8929 | D30: 8929 | E30: 9714 | F30: 9714 | G30: 9714 | H30: 9977 | I30: 9977 | J30: 9977 | K30: 9427 | L30: 9427 | M30: 9427
A31: Potencia_Valle | B31: 6403 | C31: 6403 | D31: 6403 | E31: 6965 | F31: 6965 | G31: 6965 | H31: 7154 | I31: 7154 | J31: 7154 | K31: 6760 | L31: 6760 | M31: 6760
A32: Potencia_Noche | B32: 4380 | C32: 4380 | D32: 4380 | E32: 4765 | F32: 4765 | G32: 4765 | H32: 4894 | I32: 4894 | J32: 4894 | K32: 4624 | L32: 4624 | M32: 4624
A33: ALUMBRADO PÚBLICO
A34: T-AP
A35: Cada KWh | B35: 3.06 | C35: 3.06 | D35: 3.06 | E35: 3.06 | F35: 3.06 | G35: 3.06 | H35: 3.06 | I35: 3.06 | J35: 3.06 | K35: 3.06 | L35: 3.06 | M35: 3.06

Sheet ESPH 2014
A5: Tabla 5
A6: Tarifas del servicio de distribución eléctrica y alumbrado público prestado por ESPH para el año 2014, según el mes y el tipo de tarifa respectivo.
A7: Tipo de tarifa y bloque | B7: Enero | C7: Febrero | D7: Marzo | E7: Abril | F7: Mayo | G7: Junio | H7: Julio | I7: Agosto | J7: Septiembre | K7: Octubre | L7: Noviembre | M7: Diciembre
A8: RESIDENCIAL
A9: T-RE
A10: Primeros 200 KWh | B10: 67 | C10: 67 | D10: 67 | E10: 73 | F10: 73 | G10: 73 | H10: 74 | I10: 74 | J10: 74 | K10: 69 | L10: 69 | M10: 69
A11: kWh adicional | B11: 87 | C11: 87 | D11: 87 | E11: 94 | F11: 94 | G11: 94 | H11: 96 | I11: 96 | J11: 96 | K11: 90 | L11: 90 | M11: 90
A12: GENERAL
A13: T-GE
A14: Energía_Bloq. ≤3.000 KWh | B14: 92 | C14: 92 | D14: 92 | E14: 100 | F14: 100 | G14: 100 | H14: 103 | I14: 103 | J14: 103 | K14: 96 | L14: 96 | M14: 96
A15: Energía_Bloq. >3.000 KWh (primeros 3000 KWh) | B15: 156000 | C15: 156000 | D15: 156000 | E15: 168000 | F15: 168000 | G15: 168000 | H15: 174000 | I15: 174000 | J15: 174000 | K15: 162000 | L15: 162000 | M15: 162000
A16: Energía_Bloq. >3.000 KWh (KWh adicional) | B16: 52 | C16: 52 | D16: 52 | E16: 56 | F16: 56 | G16: 56 | H16: 58 | I16: 58 | J16: 58 | K16: 54 | L16: 54 | M16: 54
A17: Potencia_Menor igual al diferencial (mínimo) | B17: 84360 | C17: 84360 | D17: 84360 | E17: 91660 | F17: 91660 | G17: 91660 | H17: 93620 | I17: 93620 | J17: 93620 | K17: 87530 | L17: 87530 | M17: 87530
A18: Potencia_Mayor al diferencial (adicional) | B18: 8436 | C18: 8436 | D18: 8436 | E18: 9166 | F18: 9166 | G18: 9166 | H18: 9362 | I18: 9362 | J18: 9362 | K18: 8753 | L18: 8753 | M18: 8753
A19: PREFERENCIAL
A20: T-CS
A21: Energía_Bloq. ≤3.000 KWh | B21: 67 | C21: 67 | D21: 67 | E21: 73 | F21: 73 | G21: 73 | H21: 74 | I21: 74 | J21: 74 | K21: 69 | L21: 69 | M21: 69
A22: Energía_Bloq. >3.000 KWh (primeros 3000 KWh) | B22: 138000 | C22: 138000 | D22: 138000 | E22: 150000 | F22: 150000 | G22: 150000 | H22: 153000 | I22: 153000 | J22: 153000 | K22: 144000 | L22: 144000 | M22: 144000
A23: Energía_Bloq. >3.000 KWh (KWh adicional) | B23: 46 | C23: 46 | D23: 46 | E23: 50 | F23: 50 | G23: 50 | H23: 51 | I23: 51 | J23: 51 | K23: 48 | L23: 48 | M23: 48
A24: Potencia_Menor igual al diferencial (mínimo) | B24: 72080 | C24: 72080 | D24: 72080 | E24: 78320 | F24: 78320 | G24: 78320 | H24: 79990 | I24: 79990 | J24: 79990 | K24: 74790 | L24: 74790 | M24: 74790
A25: Potencia_Mayor al diferencial (adicional) | B25: 7208 | C25: 7208 | D25: 7208 | E25: 7832 | F25: 7832 | G25: 7832 | H25: 7999 | I25: 7999 | J25: 7999 | K25: 7479 | L25: 7479 | M25: 7479
A26: MEDIA TENSIÓN (T-MT)
A27: T-MT
A28: Energía_Punta | B28: 61 | C28: 61 | D28: 61 | E28: 66 | F28: 66 | G28: 66 | H28: 68 | I28: 68 | J28: 68 | K28: 63 | L28: 63 | M28: 63
A29: Energía_Valle | B29: 31 | C29: 31 | D29: 31 | E29: 34 | F29: 34 | G29: 34 | H29: 35 | I29: 35 | J29: 35 | K29: 32 | L29: 32 | M29: 32
A30: Energía_Noche | B30: 25 | C30: 25 | D30: 25 | E30: 28 | F30: 28 | G30: 28 | H30: 28 | I30: 28 | J30: 28 | K30: 26 | L30: 26 | M30: 26
A31: Potencia_Punta | B31: 10252 | C31: 10252 | D31: 10252 | E31: 11140 | F31: 11140 | G31: 11140 | H31: 11378 | I31: 11378 | J31: 11378 | K31: 10637 | L31: 10637 | M31: 10637
A32: Potencia_Valle | B32: 7123 | C32: 7123 | D32: 7123 | E32: 7740 | F32: 7740 | G32: 7740 | H32: 7906 | I32: 7906 | J32: 7906 | K32: 7391 | L32: 7391 | M32: 7391
A33: Potencia_Noche | B33: 4747 | C33: 4747 | D33: 4747 | E33: 5158 | F33: 5158 | G33: 5158 | H33: 5269 | I33: 5269 | J33: 5269 | K33: 4926 | L33: 4926 | M33: 4926
A34: ALUMBRADO PÚBLICO
A35: T-AP
A36: Cada KWh | B36: 3.05 | C36: 3.05 | D36: 3.05 | E36: 3.05 | F36: 3.05 | G36: 3.05 | H36: 3.05 | I36: 3.05 | J36: 3.05 | K36: 3.05 | L36: 3.05 | M36: 3.05

Sheet CL 2014
A5: Tabla 6
A6: Tarifas del servicio de distribución eléctrica y alumbrado público prestado por Coopelesca R.L para el año 2014, según el mes y el tipo de tarifa respectivo.
A7: Tipo de tarifa y bloque | B7: Enero | C7: Febrero | D7: Marzo | E7: Abril | F7: Mayo | G7: Junio | H7: Julio | I7: Agosto | J7: Septiembre | K7: Octubre | L7: Noviembre | M7: Diciembre
A8: RESIDENCIAL
A9: T-RE
A10: Primeros 200 KWh | B10: 82 | C10: 82 | D10: 82 | E10: 86 | F10: 86 | G10: 86 | H10: 81 | I10: 77.516129 | J10: 75 | K10: 73 | L10: 73.866667 | M10: 74
A11: kWh adicional | B11: 101 | C11: 101 | D11: 101 | E11: 106 | F11: 106 | G11: 106 | H11: 101 | I11: 96.354839 | J11: 93 | K11: 91 | L11: 92.733333 | M11: 93
A12: GENERAL
A13: T-GE
A14: Energía_Bloq. ≤3.000 KWh | B14: 107 | C14: 107 | D14: 107 | E14: 112 | F14: 112 | G14: 112 | H14: 106 | I14: 100.77419 | J14: 97 | K14: 95 | L14: 96.733333 | M14: 97
A15: Energía_Bloq. >3.000 KWh (primeros 3000 KWh) | B15: 258000 | C15: 258000 | D15: 258000 | E15: 273000 | F15: 273000 | G15: 273000 | H15: 258000 | I15: 245806.45 | J15: 237000 | K15: 234000 | L15: 236600 | M15: 237000
A16: Energía_Bloq. >3.000 KWh (KWh adicional) | B16: 86 | C16: 86 | D16: 86 | E16: 91 | F16: 91 | G16: 91 | H16: 86 | I16: 81.935484 | J16: 79 | K16: 78 | L16: 78.866667 | M16: 79
A17: Potencia_Menor igual al diferencial (mínimo) | B17: 52260 | C17: 52260 | D17: 52260 | E17: 54980 | F17: 54980 | G17: 54980 | H17: 51960 | I17: 49531.161 | J17: 47777 | K17: 46780 | L17: 47551.333 | M17: 47670
A18: Potencia_Mayor al diferencial (adicional) | B18: 5226 | C18: 5226 | D18: 5226 | E18: 5498 | F18: 5498 | G18: 5498 | H18: 5196 | I18: 4952.7097 | J18: 4777 | K18: 4678 | L18: 4755.1333 | M18: 4767
A19: MEDIA TENSIÓN (T-MT)
A20: T-MT
A21: Energía_Punta | B21: 85 | C21: 85 | D21: 85 | E21: 89 | F21: 89 | G21: 89 | H21: 85 | I21: 80.935484 | J21: 78 | K21: 77 | L21: 77.866667 | M21: 78
A22: Energía_Valle | B22: 72 | C22: 72 | D22: 72 | E22: 76 | F22: 76 | G22: 76 | H22: 72 | I22: 67.935484 | J22: 65 | K22: 64 | L22: 64.866667 | M22: 65
A23: Energía_Noche | B23: 65 | C23: 65 | D23: 65 | E23: 68 | F23: 68 | G23: 68 | H23: 64 | I23: 61.096774 | J23: 59 | K23: 58 | L23: 58.866667 | M23: 59
A24: Potencia_Punta | B24: 4897 | C24: 4897 | D24: 4897 | E24: 5152 | F24: 5152 | G24: 5152 | H24: 4869 | I24: 4641.3871 | J24: 4477 | K24: 4384 | L24: 4455.9333 | M24: 4467
A25: Potencia_Valle | B25: 4897 | C25: 4897 | D25: 4897 | E25: 5152 | F25: 5152 | G25: 5152 | H25: 4869 | I25: 4641.3871 | J25: 4477 | K25: 4384 | L25: 4455.9333 | M25: 4467
A26: ALUMBRADO PÚBLICO
A27: T-AP
A28: Cada KWh | B28: 4.01 | C28: 4.01 | D28: 4.01 | E28: 4.01 | F28: 4.01 | G28: 4.01 | H28: 4.01 | I28: 4.01 | J28: 4.01 | K28: 4.01 | L28: 4.01 | M28: 4.01

Sheet CG 2014
A5: Tabla 7
A6: Tarifas del servicio de distribución eléctrica y alumbrado público prestado por CoopeGuanacaste R.L para el año 2014, según el mes y el tipo de tarifa respectivo.
A7: Tipo de tarifa y bloque | B7: Enero | C7: Febrero | D7: Marzo | E7: Abril | F7: Mayo | G7: Junio | H7: Julio | I7: Agosto | J7: Septiembre | K7: Octubre | L7: Noviembre | M7: Diciembre
A8: RESIDENCIAL
A9: T-RE
A10: Primeros 200 KWh | B10: 69 | C10: 69 | D10: 69 | E10: 73 | F10: 73 | G10: 73 | H10: 74 | I10: 74 | J10: 74 | K10: 69 | L10: 69 | M10: 69
A11: kWh adicional | B11: 97 | C11: 97 | D11: 97 | E11: 104 | F11: 104 | G11: 104 | H11: 104 | I11: 104 | J11: 104 | K11: 98 | L11: 98 | M11: 98
A12: GENERAL
A13: T-GE
A14: Energía_Bloq. ≤3.000 KWh | B14: 101 | C14: 101 | D14: 101 | E14: 108 | F14: 108 | G14: 108 | H14: 109 | I14: 109 | J14: 109 | K14: 102 | L14: 102 | M14: 102
A15: Energía_Bloq. >3.000 KWh (primeros 3000 KWh) | B15: 192000 | C15: 192000 | D15: 192000 | E15: 207000 | F15: 207000 | G15: 207000 | H15: 207000 | I15: 207000 | J15: 207000 | K15: 195000 | L15: 195000 | M15: 195000
A16: Energía_Bloq. >3.000 KWh (KWh adicional) | B16: 64 | C16: 64 | D16: 64 | E16: 69 | F16: 69 | G16: 69 | H16: 69 | I16: 69 | J16: 69 | K16: 65 | L16: 65 | M16: 65
A17: Potencia_Menor igual al diferencial (mínimo) | B17: 94800 | C17: 94800 | D17: 94800 | E17: 101350 | F17: 101350 | G17: 101350 | H17: 102050 | I17: 102050 | J17: 102050 | K17: 95580 | L17: 95580 | M17: 95580
A18: Potencia_Mayor al diferencial (adicional) | B18: 9480 | C18: 9480 | D18: 9480 | E18: 10135 | F18: 10135 | G18: 10135 | H18: 10205 | I18: 10205 | J18: 10205 | K18: 9558 | L18: 9558 | M18: 9558
A19: MEDIA TENSIÓN (T-MT)
A20: T-MT
A21: Energía_Punta | B21: 84 | C21: 84 | D21: 84 | E21: 90 | F21: 90 | G21: 90 | H21: 91 | I21: 91 | J21: 91 | K21: 85 | L21: 85 | M21: 85
A22: Energía_Valle | B22: 73 | C22: 73 | D22: 73 | E22: 78 | F22: 78 | G22: 78 | H22: 79 | I22: 79 | J22: 79 | K22: 74 | L22: 74 | M22: 74
A23: Energía_Noche | B23: 65 | C23: 65 | D23: 65 | E23: 70 | F23: 70 | G23: 70 | H23: 70 | I23: 70 | J23: 70 | K23: 66 | L23: 66 | M23: 66
A24: Potencia_Punta | B24: 3826 | C24: 3826 | D24: 3826 | E24: 4091 | F24: 4091 | G24: 4091 | H24: 4119 | I24: 4119 | J24: 4119 | K24: 3858 | L24: 3858 | M24: 3858
A25: Potencia_Valle | B25: 3826 | C25: 3826 | D25: 3826 | E25: 4091 | F25: 4091 | G25: 4091 | H25: 4119 | I25: 4119 | J25: 4119 | K25: 3858 | L25: 3858 | M25: 3858
A26: ALUMBRADO PÚBLICO
A27: T-AP
A28: Cada KWh | B28: 2.19 | C28: 2.19 | D28: 2.19 | E28: 2.19 | F28: 2.19 | G28: 2.19 | H28: 2.19 | I28: 2.19 | J28: 2.19 | K28: 2.19 | L28: 2.19 | M28: 2.19

Sheet CS 2014
A5: Tabla 8
A6: Tarifas del servicio de distribución eléctrica y alumbrado público prestado por CoopeSantos R.L para el año 2014, según el mes y el tipo de tarifa respectivo.
A7: Tipo de tarifa y bloque | B7: Enero | C7: Febrero | D7: Marzo | E7: Abril | F7: Mayo | G7: Junio | H7: Julio | I7: Agosto | J7: Septiembre | K7: Octubre | L7: Noviembre | M7: Diciembre
A8: RESIDENCIAL
A9: T-RE
A10: Primeros 200 KWh | B10: 79 | C10: 79 | D10: 79 | E10: 86 | F10: 86 | G10: 86 | H10: 87 | I10: 87 | J10: 87 | K10: 82 | L10: 82 | M10: 82
A11: kWh adicional | B11: 127 | C11: 127 | D11: 127 | E11: 140 | F11: 140 | G11: 140 | H11: 142 | I11: 142 | J11: 142 | K11: 133 | L11: 133 | M11: 133
A12: GENERAL
A13: T-GE
A14: Energía_Bloq. ≤3.000 KWh | B14: 151 | C14: 151 | D14: 151 | E14: 167 | F14: 167 | G14: 167 | H14: 169 | I14: 169 | J14: 169 | K14: 159 | L14: 159 | M14: 159
A15: Energía_Bloq. >3.000 KWh (primeros 3000 KWh) | B15: 273000 | C15: 273000 | D15: 273000 | E15: 303000 | F15: 303000 | G15: 303000 | H15: 306000 | I15: 306000 | J15: 306000 | K15: 288000 | L15: 288000 | M15: 288000
A16: Energía_Bloq. >3.000 KWh (KWh adicional) | B16: 91 | C16: 91 | D16: 91 | E16: 101 | F16: 101 | G16: 101 | H16: 102 | I16: 102 | J16: 102 | K16: 96 | L16: 96 | M16: 96
A17: Potencia_Menor igual al diferencial (mínimo) | B17: 224160 | C17: 224160 | D17: 224160 | E17: 248190 | F17: 248190 | G17: 248190 | H17: 251550 | I17: 251550 | J17: 251550 | K17: 236505 | L17: 236505 | M17: 236505
A18: Potencia_Mayor al diferencial (adicional) | B18: 14944 | C18: 14944 | D18: 14944 | E18: 16546 | F18: 16546 | G18: 16546 | H18: 16770 | I18: 16770 | J18: 16770 | K18: 15767 | L18: 15767 | M18: 15767
A19: PREFERENCIAL
A20: T-CS
A21: Energía_Bloq. ≤ 250 KWh | B21: 109 | C21: 109 | D21: 109 | E21: 119 | F21: 119 | G21: 119 | H21: 121 | I21: 121 | J21: 121 | K21: 114 | L21: 114 | M21: 114
A22: Energía_Bloq. De 251 a 3.000 KWh | B22: 151 | C22: 151 | D22: 151 | E22: 167 | F22: 167 | G22: 167 | H22: 169 | I22: 169 | J22: 169 | K22: 159 | L22: 159 | M22: 159
A23: Energía_Bloq. >3.000 KWh (primeros 3000 KWh) | B23: 273000 | C23: 273000 | D23: 273000 | E23: 303000 | F23: 303000 | G23: 303000 | H23: 306000 | I23: 306000 | J23: 306000 | K23: 288000 | L23: 288000 | M23: 288000
A24: Energía_Bloq. >3.000 KWh (KWh adicional) | B24: 91 | C24: 91 | D24: 91 | E24: 101 | F24: 101 | G24: 101 | H24: 102 | I24: 102 | J24: 102 | K24: 96 | L24: 96 | M24: 96
A25: Potencia_Menor igual al diferencial (mínimo) | B25: 224160 | C25: 224160 | D25: 224160 | E25: 248190 | F25: 248190 | G25: 248190 | H25: 251550 | I25: 251550 | J25: 251550 | K25: 236505 | L25: 236505 | M25: 236505
A26: Potencia_Mayor al diferencial (adicional) | B26: 14944 | C26: 14944 | D26: 14944 | E26: 16546 | F26: 16546 | G26: 16546 | H26: 16770 | I26: 16770 | J26: 16770 | K26: 15767 | L26: 15767 | M26: 15767
A27: MEDIA TENSIÓN (T-MT)
A28: T-MT
A29: Energía_Punta | B29: 68 | C29: 68 | D29: 68 | E29: 79 | F29: 79 | G29: 79 | H29: 81 | I29: 81 | J29: 81 | K29: 76 | L29: 76 | M29: 76
A30: Energía_Valle | B30: 29 | C30: 29 | D30: 29 | E30: 32 | F30: 32 | G30: 32 | H30: 32 | I30: 32 | J30: 32 | K30: 30 | L30: 30 | M30: 30
A31: Energía_Noche | B31: 19 | C31: 19 | D31: 19 | E31: 20 | F31: 20 | G31: 20 | H31: 21 | I31: 21 | J31: 21 | K31: 19 | L31: 19 | M31: 19
A32: Potencia_Punta | B32: 11055 | C32: 11055 | D32: 11055 | E32: 12140 | F32: 12140 | G32: 12140 | H32: 12305 | I32: 12305 | J32: 12305 | K32: 11569 | L32: 11569 | M32: 11569
A33: Potencia_Valle | B33: 7927 | C33: 7927 | D33: 7927 | E33: 8819 | F33: 8819 | G33: 8819 | H33: 8938 | I33: 8938 | J33: 8938 | K33: 8404 | L33: 8404 | M33: 8404
A34: Potencia_Noche | B34: 5056 | C34: 5056 | D34: 5056 | E34: 5552 | F34: 5552 | G34: 5552 | H34: 5627 | I34: 5627 | J34: 5627 | K34: 5291 | L34: 5291 | M34: 5291
A35: ALUMBRADO PÚBLICO
A36: T-AP
A37: Cada KWh | B37: 3.72 | C37: 3.72 | D37: 3.72 | E37: 3.72 | F37: 3.72 | G37: 3.72 | H37: 3.72 | I37: 3.72 | J37: 3.72 | K37: 3.72 | L37: 3.72 | M37: 3.72

Sheet CAR 2014
A4: Tabla 9
A5: Tarifas del servicio de distribución eléctrica y alumbrado público prestado por CoopeAlfaroRuiz R.L para el año 2014, según el mes y el tipo de tarifa respectivo.
A6: Tipo de tarifa y bloque | B6: Enero | C6: Febrero | D6: Marzo | E6: Abril | F6: Mayo | G6: Junio | H6: Julio | I6: Agosto | J6: Septiembre | K6: Octubre | L6: Noviembre | M6: Diciembre
A7: RESIDENCIAL
A8: T-RE
A9: Primeros 200 KWh | B9: 68 | C9: 68 | D9: 68 | E9: 73 | F9: 73 | G9: 73 | H9: 74 | I9: 74 | J9: 74 | K9: 69 | L9: 69 | M9: 69
A10: kWh adicional | B10: 88 | C10: 88 | D10: 88 | E10: 94 | F10: 94 | G10: 94 | H10: 96 | I10: 96 | J10: 96 | K10: 90 | L10: 90 | M10: 90
A11: GENERAL
A12: T-GE
A13: Energía_Bloq. ≤3.000 KWh | B13: 95 | C13: 95 | D13: 95 | E13: 102 | F13: 102 | G13: 102 | H13: 104 | I13: 104 | J13: 104 | K13: 97 | L13: 97 | M13: 97
A14: Energía_Bloq. >3.000 KWh (primeros 3000 KWh) | B14: 174000 | C14: 174000 | D14: 174000 | E14: 186000 | F14: 186000 | G14: 186000 | H14: 189000 | I14: 189000 | J14: 189000 | K14: 177000 | L14: 177000 | M14: 177000
A15: Energía_Bloq. >3.000 KWh (KWh adicional) | B15: 58 | C15: 58 | D15: 58 | E15: 62 | F15: 62 | G15: 62 | H15: 63 | I15: 63 | J15: 63 | K15: 59 | L15: 59 | M15: 59
A16: Potencia_Menor igual al diferencial (mínimo) | B16: 135375 | C16: 135375 | D16: 135375 | E16: 144795 | F16: 144795 | G16: 144795 | H16: 147375 | I16: 147375 | J16: 147375 | K16: 138150 | L16: 138150 | M16: 138150
A17: Potencia_Mayor al diferencial (adicional) | B17: 9025 | C17: 9025 | D17: 9025 | E17: 9653 | F17: 9653 | G17: 9653 | H17: 9825 | I17: 9825 | J17: 9825 | K17: 9210 | L17: 9210 | M17: 9210
A18: ALUMBRADO PÚBLICO
A19: T-AP
A20: Cada KWh | B20: 3.18 | C20: 3.18 | D20: 3.18 | E20: 3.18 | F20: 3.18 | G20: 3.18 | H20: 3.18 | I20: 3.18 | J20: 3.18 | K20: 3.18 | L20: 3.18 | M20: 3.18

Sheet 2015
B2: Seleccione la empresa que desea consultar:

Sheet ICE 2015
A5: Tabla 1
A6: Tarifas del servicio de generación eléctrica prestado por el ICE para el año 2015, según el mes y el tipo de tarifa respectivo.
A7: =[1]ICE!B50 -> Tipo de tarifa y bloque | B7: =[1]ICE!C50 -> Enero | C7: =[1]ICE!D50 -> Febrero | D7: =[1]ICE!E50 -> Marzo | E7: =[1]ICE!F50 -> Abril | F7: =[1]ICE!G50 -> Mayo | G7: =[1]ICE!H50 -> Junio | H7: =[1]ICE!I50 -> Julio | ... M7: =[1]ICE!N50 -> Diciembre
A8: =[1]ICE!B51 -> VENTAS A ICE DISTRIBUCIÓN Y A LA CNFL
A9: =[1]ICE!B52 -> T-CB
A10: =[1]ICE!B53 -> Energía Punta | B10: =[1]ICE!C53 -> 53 | C10: =[1]ICE!D53 -> 53 | D10: =[1]ICE!E53 -> 60.7 | E10: =[1]ICE!F53 -> 50.8 | F10: =[1]ICE!G53 -> 50.8 | G10: =[1]ICE!H53 -> 50.8 | H10: =[1]ICE!I53 -> 47.87 | ... M10: =[1]ICE!N53 -> 49.24
A11: =[1]ICE!B54 -> Energía Valle | B11: =[1]ICE!C54 -> 44 | C11: =[1]ICE!D54 -> 44 | D11: =[1]ICE!E54 -> 49.7 | E11: =[1]ICE!F54 -> 41.6 | F11: =[1]ICE!G54 -> 41.6 | G11: =[1]ICE!H54 -> 41.6 | H11: =[1]ICE!I54 -> 39.15 | ... M11: =[1]ICE!N54 -> 40.28
A12: =[1]ICE!B55 -> Energía Noche | B12: =[1]ICE!C55 -> 37 | C12: =[1]ICE!D55 -> 37 | D12: =[1]ICE!E55 -> 42.2 | E12: =[1]ICE!F55 -> 35.4 | F12: =[1]ICE!G55 -> 35.4 | G12: =[1]ICE!H55 -> 35.4 | H12: =[1]ICE!I55 -> 33.31 | ... M12: =[1]ICE!N55 -> 34.27
A13: =[1]ICE!B56 -> Potencia Punta | B13: =[1]ICE!C56 -> 2825 | C13: =[1]ICE!D56 -> 2825 | D13: =[1]ICE!E56 -> 3219 | E13: =[1]ICE!F56 -> 2696 | F13: =[1]ICE!G56 -> 2696 | G13: =[1]ICE!H56 -> 2696 | H13: =[1]ICE!I56 -> 2538.83 | ... M13: =[1]ICE!N56 -> 2611.87
A14: =[1]ICE!B57 -> Potencia Valle | B14: =[1]ICE!C57 -> 2825 | C14: =[1]ICE!D57 -> 2825 | D14: =[1]ICE!E57 -> 3219 | E14: =[1]ICE!F57 -> 2696 | F14: =[1]ICE!G57 -> 2696 | G14: =[1]ICE!H57 -> 2696 | H14: =[1]ICE!I57 -> 2538.83 | ... M14: =[1]ICE!N57 -> 2611.87
A15: =[1]ICE!B58 -> Potencia Noche
A16: =[1]ICE!B59 -> VENTAS AL SERVICIO DE DISTRIBUCIÓN
A17: =[1]ICE!B60 -> T-SD
A18: =[1]ICE!B61 -> Energía Punta | B18: =[1]ICE!C61 -> 52.6 | C18: =[1]ICE!D61 -> 52.6 | D18: =[1]ICE!E61 -> 59.8 | E18: =[1]ICE!F61 -> 50.1 | F18: =[1]ICE!G61 -> 50.1 | G18: =[1]ICE!H61 -> 50.1 | H18: =[1]ICE!I61 -> 47.2 | ... M18: =[1]ICE!N61 -> 48.55
A19: =[1]ICE!B62 -> Energía Valle | B19: =[1]ICE!C62 -> 43.1 | C19: =[1]ICE!D62 -> 43.1 | D19: =[1]ICE!E62 -> 49.2 | E19: =[1]ICE!F62 -> 41.2 | F19: =[1]ICE!G62 -> 41.2 | G19: =[1]ICE!H62 -> 41.2 | H19: =[1]ICE!I62 -> 38.77 | ... M19: =[1]ICE!N62 -> 39.89
A20: =[1]ICE!B63 -> Energía Noche | B20: =[1]ICE!C63 -> 36.8 | C20: =[1]ICE!D63 -> 36.8 | D20: =[1]ICE!E63 -> 42 | E20: =[1]ICE!F63 -> 35.2 | F20: =[1]ICE!G63 -> 35.2 | G20: =[1]ICE!H63 -> 35.2 | H20: =[1]ICE!I63 -> 33.12 | ... M20: =[1]ICE!N63 -> 34.08
A21: =[1]ICE!B64 -> Potencia Punta | B21: =[1]ICE!C64 -> 2825 | C21: =[1]ICE!D64 -> 2825 | D21: =[1]ICE!E64 -> 3219 | E21: =[1]ICE!F64 -> 2696 | F21: =[1]ICE!G64 -> 2696 | G21: =[1]ICE!H64 -> 2696 | H21: =[1]ICE!I64 -> 2538.83 | ... M21: =[1]ICE!N64 -> 2611.87
A22: =[1]ICE!B65 -> Potencia Valle | B22: =[1]ICE!C65 -> 2825 | C22: =[1]ICE!D65 -> 2825 | D22: =[1]ICE!E65 -> 3219 | E22: =[1]ICE!F65 -> 2696 | F22: =[1]ICE!G65 -> 2696 | G22: =[1]ICE!H65 -> 2696 | H22: =[1]ICE!I65 -> 2538.83 | ... M22: =[1]ICE!N65 -> 2611.87
A23: =[1]ICE!B66 -> Potencia Noche | B23: =[1]ICE!C66 -> 0 | C23: =[1]ICE!D66 -> 0 | D23: =[1]ICE!E66 -> 0 | E23: =[1]ICE!F66 -> 0 | F23: =[1]ICE!G66 -> 0 | G23: =[1]ICE!H66 -> 0 | H23: =[1]ICE!I66 -> 0 | ... M23: =[1]ICE!N66 -> 0
A24: =[1]ICE!B67 -> USUARIOS DIRECTOS
A25: =[1]ICE!B68 -> T-UD
A26: =[1]ICE!B69 -> Energía Punta | B26: =[1]ICE!C69 -> 0.066 | C26: =[1]ICE!D69 -> 0.066 | D26: =[1]ICE!E69 -> 0.066 | E26: =[1]ICE!F69 -> 0.054 | F26: =[1]ICE!G69 -> 0.054 | G26: =[1]ICE!H69 -> 0.054 | H26: =[1]ICE!I69 -> 0.051 | ... M26: =[1]ICE!N69 -> 0.052
A27: =[1]ICE!B70 -> Energía Valle | B27: =[1]ICE!C70 -> 0.054 | C27: =[1]ICE!D70 -> 0.054 | D27: =[1]ICE!E70 -> 0.054 | E27: =[1]ICE!F70 -> 0.044 | F27: =[1]ICE!G70 -> 0.044 | G27: =[1]ICE!H70 -> 0.044 | H27: =[1]ICE!I70 -> 0.042 | ... M27: =[1]ICE!N70 -> 0.043
A28: =[1]ICE!B71 -> Energía Noche | B28: =[1]ICE!C71 -> 0.047 | C28: =[1]ICE!D71 -> 0.047 | D28: =[1]ICE!E71 -> 0.046 | E28: =[1]ICE!F71 -> 0.039 | F28: =[1]ICE!G71 -> 0.039 | G28: =[1]ICE!H71 -> 0.039 | H28: =[1]ICE!I71 -> 0.036 | ... M28: =[1]ICE!N71 -> 0.037
A29: =[1]ICE!B72 -> Potencia Punta | B29: =[1]ICE!C72 -> 3.5 | C29: =[1]ICE!D72 -> 3.5 | D29: =[1]ICE!E72 -> 3.5 | E29: =[1]ICE!F72 -> 2.9 | F29: =[1]ICE!G72 -> 2.9 | G29: =[1]ICE!H72 -> 2.9 | H29: =[1]ICE!I72 -> 2.687 | ... M29: =[1]ICE!N72 -> 2.764
A30: =[1]ICE!B73 -> Potencia Valle | B30: =[1]ICE!C73 -> 3.5 | C30: =[1]ICE!D73 -> 3.5 | D30: =[1]ICE!E73 -> 3.5 | E30: =[1]ICE!F73 -> 2.9 | F30: =[1]ICE!G73 -> 2.9 | G30: =[1]ICE!H73 -> 2.9 | H30: =[1]ICE!I73 -> 2.687 | ... M30: =[1]ICE!N73 -> 2.764
A31: =[1]ICE!B74 -> Potencia Noche | B31: =[1]ICE!C74 -> 0 | C31: =[1]ICE!D74 -> 0 | D31: =[1]ICE!E74 -> 0 | E31: =[1]ICE!F74 -> 0 | F31: =[1]ICE!G74 -> 0 | G31: =[1]ICE!H74 -> 0 | H31: =[1]ICE!I74 -> 0 | ... M31: =[1]ICE!N74 -> 0
A32: Fuente: Autoridad Reguladora de los Servicios Públicos
A33: * Las tarifas pueden diferir del valor puntual de los pliegos pues la tabla muestra el promedio del mes, y de existir dos o más tarifas que estuvieron vigentes, se realiza un promedio ponderado por la cantidad de días.
A41: Tabla 2
A42: Tarifas del servicio de distribución eléctrica y alumbrado público prestado por el ICE para el año 2015, según el mes y el tipo de tarifa respectivo.
A43: =[1]ICE!B7 -> Tipo de tarifa y bloque | C43: =[1]ICE!D7 -> Febrero | D43: =[1]ICE!E7 -> Marzo | E43: =[1]ICE!F7 -> Abril | F43: =[1]ICE!G7 -> Mayo | G43: =[1]ICE!H7 -> Junio | H43: =[1]ICE!I7 -> Julio | I43: =[1]ICE!J7 -> Agosto | J43: =[1]ICE!K7 -> Septiembre | ... M43: =[1]ICE!N7 -> Diciembre
A44: =[1]ICE!B8 -> RESIDENCIAL
A45: =[1]ICE!B9 -> T-RE
A46: =[1]ICE!B10 -> Bloque 31-200 kWh | B46: =[1]ICE!C10 -> 83 | C46: =[1]ICE!D10 -> 83 | D46: =[1]ICE!E10 -> 93 | E46: =[1]ICE!F10 -> 84 | F46: =[1]ICE!G10 -> 84 | G46: =[1]ICE!H10 -> 84 | H46: =[1]ICE!I10 -> 81.04 | ... M46: =[1]ICE!N10 -> 82.3
A47: =[1]ICE!B11 -> Bloque mayor a 200 kWh | B47: =[1]ICE!C11 -> 138.5 | C47: =[1]ICE!D11 -> 138.5 | D47: =[1]ICE!E11 -> 147 | E47: =[1]ICE!F11 -> 139 | F47: =[1]ICE!G11 -> 139 | G47: =[1]ICE!H11 -> 139 | H47: =[1]ICE!I11 -> 136.74 | ... M47: =[1]ICE!N11 -> 137.875
A48: =[1]ICE!B12 -> GENERAL
A49: =[1]ICE!B13 -> T-GE
A50: =[1]ICE!B14 -> Consumo de Energía ≤ 3000 kWh | B50: =[1]ICE!C14 -> 125 | C50: =[1]ICE!D14 -> 125 | D50: =[1]ICE!E14 -> 138 | E50: =[1]ICE!F14 -> 125 | F50: =[1]ICE!G14 -> 125 | G50: =[1]ICE!H14 -> 125 | H50: =[1]ICE!I14 -> 121.07 | ... M50: =[1]ICE!N14 -> 122.96
A51: =[1]ICE!B15 -> Consumo de Energía cada kWh | B51: =[1]ICE!C15 -> 74 | C51: =[1]ICE!D15 -> 74 | D51: =[1]ICE!E15 -> 83 | E51: =[1]ICE!F15 -> 75 | F51: =[1]ICE!G15 -> 75 | G51: =[1]ICE!H15 -> 75 | H51: =[1]ICE!I15 -> 72.25 | ... M51: =[1]ICE!N15 -> 73.38
A52: =[1]ICE!B16 -> Consumo de Potencia cada kW | B52: =[1]ICE!C16 -> 12325 | C52: =[1]ICE!D16 -> 12325 | D52: =[1]ICE!E16 -> 13967 | E52: =[1]ICE!F16 -> 12378 | F52: =[1]ICE!G16 -> 12378 | G52: =[1]ICE!H16 -> 12378 | H52: =[1]ICE!I16 -> 11975.43 | ... M52: =[1]ICE!N16 -> 12161.89
A53: =[1]ICE!B17 -> PREFERENCIAL
A54: =[1]ICE!B18 -> T-CS
A55: =[1]ICE!B19 -> Consumo de Energía ≤ 3000 kWh | B55: =[1]ICE!C19 -> 84 | C55: =[1]ICE!D19 -> 84 | D55: =[1]ICE!E19 -> 94 | E55: =[1]ICE!F19 -> 85 | F55: =[1]ICE!G19 -> 85 | G55: =[1]ICE!H19 -> 85 | H55: =[1]ICE!I19 -> 82.02 | ... M55: =[1]ICE!N19 -> 83.29
A56: =[1]ICE!B20 -> Consumo de Energía cada kWh | B56: =[1]ICE!C20 -> 51 | C56: =[1]ICE!D20 -> 51 | D56: =[1]ICE!E20 -> 56 | E56: =[1]ICE!F20 -> 50 | F56: =[1]ICE!G20 -> 50 | G56: =[1]ICE!H20 -> 50 | H56: =[1]ICE!I20 -> 48.82 | ... M56: =[1]ICE!N20 -> 74394.79
A57: =[1]ICE!B21 -> Consumo de Potencia cada kW | B57: =[1]ICE!C21 -> 8072 | C57: =[1]ICE!D21 -> 8072 | D57: =[1]ICE!E21 -> 8970 | E57: =[1]ICE!F21 -> 8106 | F57: =[1]ICE!G21 -> 8106 | G57: =[1]ICE!H21 -> 8106 | H57: =[1]ICE!I21 -> 7842.37 | ... M57: =[1]ICE!N21 -> 7964.48
A58: =[1]ICE!B22 -> MEDIA TENSIÓN (T-MT)
A59: =[1]ICE!B23 -> T-MT
A60: =[1]ICE!B24 -> Energía Punta | B60: =[1]ICE!C24 -> 72 | C60: =[1]ICE!D24 -> 72 | D60: =[1]ICE!E24 -> 79 | E60: =[1]ICE!F24 -> 72 | F60: =[1]ICE!G24 -> 72 | G60: =[1]ICE!H24 -> 72 | H60: =[1]ICE!I24 -> 69.32 | ... M60: =[1]ICE!N24 -> 70.4
A61: =[1]ICE!B25 -> Energía Valle | B61: =[1]ICE!C25 -> 27 | C61: =[1]ICE!D25 -> 27 | D61: =[1]ICE!E25 -> 30 | E61: =[1]ICE!F25 -> 27 | F61: =[1]ICE!G25 -> 27 | G61: =[1]ICE!H25 -> 27 | H61: =[1]ICE!I25 -> 26.36 | ... M61: =[1]ICE!N25 -> 26.77
A62: =[1]ICE!B26 -> Energía Noche | B62: =[1]ICE!C26 -> 17 | C62: =[1]ICE!D26 -> 17 | D62: =[1]ICE!E26 -> 19 | E62: =[1]ICE!F26 -> 17 | F62: =[1]ICE!G26 -> 17 | G62: =[1]ICE!H26 -> 17 | H62: =[1]ICE!I26 -> 16.6 | ... M62: =[1]ICE!N26 -> 16.86
A63: =[1]ICE!B27 -> Potencia Punta | B63: =[1]ICE!C27 -> 11602 | C63: =[1]ICE!D27 -> 11602 | D63: =[1]ICE!E27 -> 12893 | E63: =[1]ICE!F27 -> 11651 | F63: =[1]ICE!G27 -> 11651 | G63: =[1]ICE!H27 -> 11651 | H63: =[1]ICE!I27 -> 11272.43 | ... M63: =[1]ICE!N27 -> 11447.94
A64: =[1]ICE!B28 -> Potencia Valle | B64: =[1]ICE!C28 -> 8101 | C64: =[1]ICE!D28 -> 8101 | D64: =[1]ICE!E28 -> 9002 | E64: =[1]ICE!F28 -> 8135 | F64: =[1]ICE!G28 -> 8135 | G64: =[1]ICE!H28 -> 8135 | H64: =[1]ICE!I28 -> 7870.68 | ... M64: =[1]ICE!N28 -> 7993.23
A65: =[1]ICE!B29 -> Potencia Noche | B65: =[1]ICE!C29 -> 5188 | C65: =[1]ICE!D29 -> 5188 | D65: =[1]ICE!E29 -> 5766 | E65: =[1]ICE!F29 -> 5211 | F65: =[1]ICE!G29 -> 5211 | G65: =[1]ICE!H29 -> 5211 | H65: =[1]ICE!I29 -> 5041.1 | ... M65: =[1]ICE!N29 -> 5119.6
A66: =[1]ICE!B30 -> MEDIA TENSIÓN (T-MTb)
A67: =[1]ICE!B31 -> T-MTB
A68: =[1]ICE!B32 -> Energía Punta | B68: =[1]ICE!C32 -> 0.121 | C68: =[1]ICE!D32 -> 0.121 | D68: =[1]ICE!E32 -> 0.135 | E68: =[1]ICE!F32 -> 0.122 | F68: =[1]ICE!G32 -> 0.122 | G68: =[1]ICE!H32 -> 0.122 | H68: =[1]ICE!I32 -> 0.118 | ... M68: =[1]ICE!N32 -> 0.12
A69: =[1]ICE!B33 -> Energía Valle | B69: =[1]ICE!C33 -> 0.043 | C69: =[1]ICE!D33 -> 0.043 | D69: =[1]ICE!E33 -> 0.047 | E69: =[1]ICE!F33 -> 0.042 | F69: =[1]ICE!G33 -> 0.042 | G69: =[1]ICE!H33 -> 0.042 | H69: =[1]ICE!I33 -> 0.041 | ... M69: =[1]ICE!N33 -> 0.04
A70: =[1]ICE!B34 -> Energía Noche | B70: =[1]ICE!C34 -> 0.027 | C70: =[1]ICE!D34 -> 0.027 | D70: =[1]ICE!E34 -> 0.03 | E70: =[1]ICE!F34 -> 0.027 | F70: =[1]ICE!G34 -> 0.027 | G70: =[1]ICE!H34 -> 0.027 | H70: =[1]ICE!I34 -> 0.026 | ... M70: =[1]ICE!N34 -> 0.03
A71: =[1]ICE!B35 -> Potencia Punta | B71: =[1]ICE!C35 -> 19.41 | C71: =[1]ICE!D35 -> 19.41 | D71: =[1]ICE!E35 -> 21.56 | E71: =[1]ICE!F35 -> 19.49 | F71: =[1]ICE!G35 -> 19.49 | G71: =[1]ICE!H35 -> 19.49 | H71: =[1]ICE!I35 -> 18.854 | ... M71: =[1]ICE!N35 -> 19.15
A72: =[1]ICE!B36 -> Potencia Valle | B72: =[1]ICE!C36 -> 13.55 | C72: =[1]ICE!D36 -> 13.55 | D72: =[1]ICE!E36 -> 15.05 | E72: =[1]ICE!F36 -> 13.6 | F72: =[1]ICE!G36 -> 13.6 | G72: =[1]ICE!H36 -> 13.6 | H72: =[1]ICE!I36 -> 13.162 | ... M72: =[1]ICE!N36 -> 13.37
A73: =[1]ICE!B37 -> Potencia Noche | B73: =[1]ICE!C37 -> 8.68 | C73: =[1]ICE!D37 -> 8.68 | D73: =[1]ICE!E37 -> 9.64 | E73: =[1]ICE!F37 -> 8.71 | F73: =[1]ICE!G37 -> 8.71 | G73: =[1]ICE!H37 -> 8.71 | H73: =[1]ICE!I37 -> 8.426 | ... M73: =[1]ICE!N37 -> 8.56
A74: =[1]ICE!B38 -> ALUMBRADO PÚBLICO
A75: =[1]ICE!B39 -> T-AP
A76: =[1]ICE!B40 -> Cada KWh | B76: =[1]ICE!C40 -> 3.79 | C76: =[1]ICE!D40 -> 3.79 | D76: =[1]ICE!E40 -> 3.81 | E76: =[1]ICE!F40 -> 3.81 | F76: =[1]ICE!G40 -> 3.81 | G76: =[1]ICE!H40 -> 3.81 | H76: =[1]ICE!I40 -> 3.81 | ... M76: =[1]ICE!N40 -> 3.81

Sheet CNFL 2015
A5: Tabla 3
A6: Tarifas del servicio de distribución eléctrica y alumbrado público prestado por la CNFL para el año 2015, según el mes y el tipo de tarifa respectivo.
A7: =[1]CNFL!B7 -> Tipo de tarifa y bloque | B7: =[1]CNFL!C7 -> Enero | C7: =[1]CNFL!D7 -> Febrero | D7: =[1]CNFL!E7 -> Marzo | E7: =[1]CNFL!F7 -> Abril | F7: =[1]CNFL!G7 -> Mayo | G7: =[1]CNFL!H7 -> Junio | H7: =[1]CNFL!I7 -> Julio | ... M7: =[1]CNFL!N7 -> Diciembre
A8: =[1]CNFL!B8 -> RESIDENCIAL
A9: =[1]CNFL!B9 -> T-RE
A10: =[1]CNFL!B10 -> Bloque 31-200 kWh | B10: =[1]CNFL!C10 -> 68.193548 | C10: =[1]CNFL!D10 -> 70 | D10: =[1]CNFL!E10 -> 70 | E10: =[1]CNFL!F10 -> 63 | F10: =[1]CNFL!G10 -> 63 | G10: =[1]CNFL!H10 -> 63 | H10: =[1]CNFL!I10 -> 60.4 | ... M10: =[1]CNFL!N10 -> 61.45
A11: =[1]CNFL!B11 -> Bloque 201-300 kWh | B11: =[1]CNFL!C11 -> 104.29032 | C11: =[1]CNFL!D11 -> 107 | D11: =[1]CNFL!E11 -> 107 | E11: =[1]CNFL!F11 -> 96 | F11: =[1]CNFL!G11 -> 96 | G11: =[1]CNFL!H11 -> 96 | H11: =[1]CNFL!I11 -> 92.55 | ... M11: =[1]CNFL!N11 -> 94.15
A12: =[1]CNFL!B12 -> Bloque mayor a 300 kWh | B12: =[1]CNFL!C12 -> 107.83871 | C12: =[1]CNFL!D12 -> 111 | D12: =[1]CNFL!E12 -> 111 | E12: =[1]CNFL!F12 -> 99 | F12: =[1]CNFL!G12 -> 99 | G12: =[1]CNFL!H12 -> 99 | H12: =[1]CNFL!I12 -> 95.47 | ... M12: =[1]CNFL!N12 -> 97.12
A13: =[1]CNFL!B13 -> Residencial horaria
A14: =[1]CNFL!B14 -> T-REH
A15: =[1]CNFL!B15 -> Bloque 0-300 KWh Punta | B15: =[1]CNFL!C15 -> 144.3871 | C15: =[1]CNFL!D15 -> 148 | D15: =[1]CNFL!E15 -> 148 | E15: =[1]CNFL!F15 -> 132 | F15: =[1]CNFL!G15 -> 132 | G15: =[1]CNFL!H15 -> 132 | H15: =[1]CNFL!I15 -> 127.62 | ... M15: =[1]CNFL!N15 -> 129.83
A16: =[1]CNFL!B16 -> Bloque 0-300 KWh Valle | B16: =[1]CNFL!C16 -> 59.645161 | C16: =[1]CNFL!D16 -> 61 | D16: =[1]CNFL!E16 -> 61 | E16: =[1]CNFL!F16 -> 55 | F16: =[1]CNFL!G16 -> 55 | G16: =[1]CNFL!H16 -> 55 | H16: =[1]CNFL!I16 -> 52.61 | ... M16: =[1]CNFL!N16 -> 53.52
A17: =[1]CNFL!B17 -> Bloque 0-300 KWh Noche | B17: =[1]CNFL!C17 -> 24.548387 | C17: =[1]CNFL!D17 -> 25 | D17: =[1]CNFL!E17 -> 25 | E17: =[1]CNFL!F17 -> 22 | F17: =[1]CNFL!G17 -> 22 | G17: =[1]CNFL!H17 -> 22 | H17: =[1]CNFL!I17 -> 21.43 | ... M17: =[1]CNFL!N17 -> 21.8
A18: =[1]CNFL!B18 -> Bloque 301-500 KWh Punta | B18: =[1]CNFL!C18 -> 163.93548 | C18: =[1]CNFL!D18 -> 168 | D18: =[1]CNFL!E18 -> 168 | E18: =[1]CNFL!F18 -> 151 | F18: =[1]CNFL!G18 -> 151 | G18: =[1]CNFL!H18 -> 151 | H18: =[1]CNFL!I18 -> 145.16 | ... M18: =[1]CNFL!N18 -> 147.67
A19: =[1]CNFL!B19 -> Bloque 301-500 KWh Valle | B19: =[1]CNFL!C19 -> 67.193548 | C19: =[1]CNFL!D19 -> 69 | D19: =[1]CNFL!E19 -> 69 | E19: =[1]CNFL!F19 -> 62 | F19: =[1]CNFL!G19 -> 62 | G19: =[1]CNFL!H19 -> 62 | H19: =[1]CNFL!I19 -> 59.43 | ... M19: =[1]CNFL!N19 -> 60.45
A20: =[1]CNFL!B20 -> Bloque 301-500 KWh Noche | B20: =[1]CNFL!C20 -> 28.096774 | C20: =[1]CNFL!D20 -> 29 | D20: =[1]CNFL!E20 -> 29 | E20: =[1]CNFL!F20 -> 26 | F20: =[1]CNFL!G20 -> 26 | G20: =[1]CNFL!H20 -> 26 | H20: =[1]CNFL!I20 -> 25.33 | ... M20: =[1]CNFL!N20 -> 25.77
A21: =[1]CNFL!B21 -> Bloque mayor a 500 KWh Noche | B21: =[1]CNFL!C21 -> 36.096774 | C21: =[1]CNFL!D21 -> 37 | D21: =[1]CNFL!E21 -> 37 | E21: =[1]CNFL!F21 -> 33 | F21: =[1]CNFL!G21 -> 33 | G21: =[1]CNFL!H21 -> 33 | H21: =[1]CNFL!I21 -> 32.15 | ... M21: =[1]CNFL!N21 -> 32.7
A22: =[1]CNFL!B22 -> Bloque mayor a 500 KWh Valle | B22: =[1]CNFL!C22 -> 78.193548 | C22: =[1]CNFL!D22 -> 80 | D22: =[1]CNFL!E22 -> 80 | E22: =[1]CNFL!F22 -> 72 | F22: =[1]CNFL!G22 -> 72 | G22: =[1]CNFL!H22 -> 72 | H22: =[1]CNFL!I22 -> 69.17 | ... M22: =[1]CNFL!N22 -> 70.36
A23: =[1]CNFL!B23 -> Bloque mayor a 500 KWh Punta | B23: =[1]CNFL!C23 -> 194.58065 | C23: =[1]CNFL!D23 -> 200 | D23: =[1]CNFL!E23 -> 200 | E23: =[1]CNFL!F23 -> 179 | F23: =[1]CNFL!G23 -> 179 | G23: =[1]CNFL!H23 -> 179 | H23: =[1]CNFL!I23 -> 172.44 | ... M23: =[1]CNFL!N23 -> 175.42
A24: =[1]CNFL!B24 -> GENERAL
A25: =[1]CNFL!B25 -> T-GE
A26: =[1]CNFL!B26 -> Consumo de Energía ≤ 3000 kWh | B26: =[1]CNFL!C26 -> 114.83871 | C26: =[1]CNFL!D26 -> 118 | D26: =[1]CNFL!E26 -> 118 | E26: =[1]CNFL!F26 -> 106 | F26: =[1]CNFL!G26 -> 106 | G26: =[1]CNFL!H26 -> 106 | H26: =[1]CNFL!I26 -> 102.29 | ... M26: =[1]CNFL!N26 -> 104.06
A27: =[1]CNFL!B27 -> Bloque 0-3000 kWh | B27: =[1]CNFL!C27 -> 207580.65 | C27: =[1]CNFL!D27 -> 213000 | D27: =[1]CNFL!E27 -> 213000 | E27: =[1]CNFL!F27 -> 192000 | F27: =[1]CNFL!G27 -> 192000 | G27: =[1]CNFL!H27 -> 192000 | H27: =[1]CNFL!I27 -> 184140 | ... M27: =[1]CNFL!N27 -> 187320
A28: =[1]CNFL!B28 -> Bloque mayor a 3000 kWh | B28: =[1]CNFL!C28 -> 69.193548 | C28: =[1]CNFL!D28 -> 71 | D28: =[1]CNFL!E28 -> 71 | E28: =[1]CNFL!F28 -> 64 | F28: =[1]CNFL!G28 -> 64 | G28: =[1]CNFL!H28 -> 64 | H28: =[1]CNFL!I28 -> 61.38 | ... M28: =[1]CNFL!N28 -> 62.44
A29: =[1]CNFL!B29 -> Bloque 0-8 kW | B29: =[1]CNFL!C29 -> 86641.548 | C29: =[1]CNFL!D29 -> 88896 | D29: =[1]CNFL!E29 -> 88896 | E29: =[1]CNFL!F29 -> 79656 | F29: =[1]CNFL!G29 -> 79656 | G29: =[1]CNFL!H29 -> 79656 | H29: =[1]CNFL!I29 -> 76783.76 | ... M29: =[1]CNFL!N29 -> 78110.8
A30: =[1]CNFL!B30 -> Bloque mayor a 8 kW | B30: =[1]CNFL!C30 -> 10830.194 | C30: =[1]CNFL!D30 -> 11112 | D30: =[1]CNFL!E30 -> 11112 | E30: =[1]CNFL!F30 -> 9957 | F30: =[1]CNFL!G30 -> 9957 | G30: =[1]CNFL!H30 -> 9957 | H30: =[1]CNFL!I30 -> 9597.97 | ... M30: =[1]CNFL!N30 -> 9763.85
A31: =[1]CNFL!B31 -> PREFERENCIAL
A32: =[1]CNFL!B32 -> T-CS
A33: =[1]CNFL!B33 -> Consumo de Energía ≤ 3000 kWh | B33: =[1]CNFL!C33 -> 77.193548 | C33: =[1]CNFL!D33 -> 79 | D33: =[1]CNFL!E33 -> 79 | E33: =[1]CNFL!F33 -> 71 | F33: =[1]CNFL!G33 -> 71 | G33: =[1]CNFL!H33 -> 71 | H33: =[1]CNFL!I33 -> 68.2 | ... M33: =[1]CNFL!N33 -> 69.37
A34: =[1]CNFL!B34 -> Bloque 0-3000 kWh | B34: =[1]CNFL!C34 -> 133935.48 | C34: =[1]CNFL!D34 -> 138000 | D34: =[1]CNFL!E34 -> 138000 | E34: =[1]CNFL!F34 -> 123000 | F34: =[1]CNFL!G34 -> 123000 | G34: =[1]CNFL!H34 -> 123000 | H34: =[1]CNFL!I34 -> 119820 | ... M34: =[1]CNFL!N34 -> 121890
A35: =[1]CNFL!B35 -> Bloque mayor a 3000 kWh | B35: =[1]CNFL!C35 -> 44.645161 | C35: =[1]CNFL!D35 -> 46 | D35: =[1]CNFL!E35 -> 46 | E35: =[1]CNFL!F35 -> 41 | F35: =[1]CNFL!G35 -> 41 | G35: =[1]CNFL!H35 -> 41 | H35: =[1]CNFL!I35 -> 39.94 | ... M35: =[1]CNFL!N35 -> 40.63
A36: =[1]CNFL!B36 -> Bloque 0-8 kW | B36: =[1]CNFL!C36 -> 57716.645 | C36: =[1]CNFL!D36 -> 59216 | D36: =[1]CNFL!E36 -> 59216 | E36: =[1]CNFL!F36 -> 53064 | F36: =[1]CNFL!G36 -> 53064 | G36: =[1]CNFL!H36 -> 53064 | H36: =[1]CNFL!I36 -> 51150.24 | ... M36: =[1]CNFL!N36 -> 52034.24
A37: =[1]CNFL!B37 -> Bloque mayor a 8 kW | B37: =[1]CNFL!C37 -> 7214.5806 | C37: =[1]CNFL!D37 -> 7402 | D37: =[1]CNFL!E37 -> 7402 | E37: =[1]CNFL!F37 -> 6633 | F37: =[1]CNFL!G37 -> 6633 | G37: =[1]CNFL!H37 -> 6633 | H37: =[1]CNFL!I37 -> 6393.78 | ... M37: =[1]CNFL!N37 -> 6504.28
A38: =[1]CNFL!B38 -> MEDIA TENSIÓN (T-MT)
A39: =[1]CNFL!B39 -> T-MT
A40: =[1]CNFL!B40 -> Energía Punta | B40: =[1]CNFL!C40 -> 58.645161 | C40: =[1]CNFL!D40 -> 60 | D40: =[1]CNFL!E40 -> 60 | E40: =[1]CNFL!F40 -> 54 | F40: =[1]CNFL!G40 -> 54 | G40: =[1]CNFL!H40 -> 54 | H40: =[1]CNFL!I40 -> 51.63 | ... M40: =[1]CNFL!N40 -> 52.53
A41: =[1]CNFL!B41 -> Energía Valle | B41: =[1]CNFL!C41 -> 29.096774 | C41: =[1]CNFL!D41 -> 30 | D41: =[1]CNFL!E41 -> 30 | E41: =[1]CNFL!F41 -> 27 | F41: =[1]CNFL!G41 -> 27 | G41: =[1]CNFL!H41 -> 27 | H41: =[1]CNFL!I41 -> 26.3 | ... M41: =[1]CNFL!N41 -> 26.76
A42: =[1]CNFL!B42 -> Energía Noche | B42: =[1]CNFL!C42 -> 20.548387 | C42: =[1]CNFL!D42 -> 21 | D42: =[1]CNFL!E42 -> 21 | E42: =[1]CNFL!F42 -> 19 | F42: =[1]CNFL!G42 -> 19 | G42: =[1]CNFL!H42 -> 19 | H42: =[1]CNFL!I42 -> 18.51 | ... M42: =[1]CNFL!N42 -> 18.83
A43: =[1]CNFL!B43 -> Potencia Punta | B43: =[1]CNFL!C43 -> 10280.194 | C43: =[1]CNFL!D43 -> 10548 | D43: =[1]CNFL!E43 -> 10548 | E43: =[1]CNFL!F43 -> 9451 | F43: =[1]CNFL!G43 -> 9451 | G43: =[1]CNFL!H43 -> 9451 | H43: =[1]CNFL!I43 -> 9110.87 | ... M43: =[1]CNFL!N43 -> 9268.32
A44: =[1]CNFL!B44 -> Potencia Valle | B44: =[1]CNFL!C44 -> 7314.4194 | C44: =[1]CNFL!D44 -> 7505 | D44: =[1]CNFL!E44 -> 7505 | E44: =[1]CNFL!F44 -> 6725 | F44: =[1]CNFL!G44 -> 6725 | G44: =[1]CNFL!H44 -> 6725 | H44: =[1]CNFL!I44 -> 6482.43 | ... M44: =[1]CNFL!N44 -> 6594.46
A45: =[1]CNFL!B45 -> Potencia Noche | B45: =[1]CNFL!C45 -> 4643.4194 | C45: =[1]CNFL!D45 -> 4764 | D45: =[1]CNFL!E45 -> 4764 | E45: =[1]CNFL!F45 -> 4269 | F45: =[1]CNFL!G45 -> 4269 | G45: =[1]CNFL!H45 -> 4269 | H45: =[1]CNFL!I45 -> 4115.09 | ... M45: =[1]CNFL!N45 -> 4186.21
A46: =[1]CNFL!B46 -> PROMOCIONAL
A47: =[1]CNFL!B47 -> T-6
A48: =[1]CNFL!B48 -> Consumo de Energía ≤ 3000 kWh
A49: =[1]CNFL!B49 -> Bloque 0-3000 kWh
A50: =[1]CNFL!B50 -> Bloque mayor a 3000 kWh
A51: =[1]CNFL!B51 -> Bloque 0-8 kW
A52: =[1]CNFL!B52 -> Bloque mayor a 8 kW
A53: =[1]CNFL!B53 -> ALUMBRADO PÚBLICO
A54: =[1]CNFL!B54 -> T-AP
A55: =[1]CNFL!B55 -> Cada KWh | B55: =[1]CNFL!C55 -> 3.24 | C55: =[1]CNFL!D55 -> 3.24 | D55: =[1]CNFL!E55 -> 3.24 | E55: =[1]CNFL!F55 -> 3.24 | F55: =[1]CNFL!G55 -> 3.24 | G55: =[1]CNFL!H55 -> 3.24 | H55: =[1]CNFL!I55 -> 3.24 | ... M55: =[1]CNFL!N55 -> 3.24

Sheet JASEC 2015
A4: Tabla 4
A5: Tarifas del servicio de distribución eléctrica y alumbrado público prestado por JASEC para el año 2015, según el mes y el tipo de tarifa respectivo.
A6: =[1]JASEC!B7 -> Tipo de tarifa y bloque | B6: =[1]JASEC!C7 -> Enero | C6: =[1]JASEC!D7 -> Febrero | D6: =[1]JASEC!E7 -> Marzo | E6: =[1]JASEC!F7 -> Abril | F6: =[1]JASEC!G7 -> Mayo | G6: =[1]JASEC!H7 -> Junio | H6: =[1]JASEC!I7 -> Julio | ... M6: =[1]JASEC!N7 -> Diciembre
A7: =[1]JASEC!B8 -> RESIDENCIAL
A8: =[1]JASEC!B9 -> T-RE
A9: =[1]JASEC!B10 -> Bloque 31-200 kWh | B9: =[1]JASEC!C10 -> 66 | C9: =[1]JASEC!D10 -> 66 | D9: =[1]JASEC!E10 -> 66 | E9: =[1]JASEC!F10 -> 59 | F9: =[1]JASEC!G10 -> 59 | G9: =[1]JASEC!H10 -> 59 | H9: =[1]JASEC!I10 -> 56.6 | ... M9: =[1]JASEC!N10 -> 70.11
A10: =[1]JASEC!B11 -> Bloque mayor a 200 kWh | B10: =[1]JASEC!C11 -> 80 | C10: =[1]JASEC!D11 -> 80 | D10: =[1]JASEC!E11 -> 80 | E10: =[1]JASEC!F11 -> 72 | F10: =[1]JASEC!G11 -> 72 | G10: =[1]JASEC!H11 -> 72 | H10: =[1]JASEC!I11 -> 69.29 | ... M10: =[1]JASEC!N11 -> 85.82
A11: =[1]JASEC!B12 -> GENERAL
A12: =[1]JASEC!B13 -> T-GE
A13: =[1]JASEC!B14 -> Consumo de Energía ≤ 3000 kWh | B13: =[1]JASEC!C14 -> 93 | C13: =[1]JASEC!D14 -> 93 | D13: =[1]JASEC!E14 -> 93 | E13: =[1]JASEC!F14 -> 83 | F13: =[1]JASEC!G14 -> 83 | G13: =[1]JASEC!H14 -> 83 | H13: =[1]JASEC!I14 -> 80.02 | ... M13: =[1]JASEC!N14 -> 99.11
A14: =[1]JASEC!B15 -> Bloque 0-3000 kWh | B14: =[1]JASEC!C15 -> 168000 | C14: =[1]JASEC!D15 -> 168000 | D14: =[1]JASEC!E15 -> 168000 | E14: =[1]JASEC!F15 -> 150000 | F14: =[1]JASEC!G15 -> 150000 | G14: =[1]JASEC!H15 -> 150000 | H14: =[1]JASEC!I15 -> 143460 | ... M14: =[1]JASEC!N15 -> 177660
A15: =[1]JASEC!B16 -> Bloque mayor a 3000 kWh | B15: =[1]JASEC!C16 -> 56 | C15: =[1]JASEC!D16 -> 56 | D15: =[1]JASEC!E16 -> 56 | E15: =[1]JASEC!F16 -> 50 | F15: =[1]JASEC!G16 -> 50 | G15: =[1]JASEC!H16 -> 50 | H15: =[1]JASEC!I16 -> 47.82 | ... M15: =[1]JASEC!N16 -> 59.22
A16: =[1]JASEC!B17 -> Bloque 0-8 kW | B16: =[1]JASEC!C17 -> 69528 | C16: =[1]JASEC!D17 -> 69528 | D16: =[1]JASEC!E17 -> 69528 | E16: =[1]JASEC!F17 -> 61984 | F16: =[1]JASEC!G17 -> 61984 | G16: =[1]JASEC!H17 -> 61984 | H16: =[1]JASEC!I17 -> 59850.4 | ... M16: =[1]JASEC!N17 -> 74129.2
A17: =[1]JASEC!B18 -> Bloque mayor a 8 kW | B17: =[1]JASEC!C18 -> 8691 | C17: =[1]JASEC!D18 -> 8691 | D17: =[1]JASEC!E18 -> 8691 | E17: =[1]JASEC!F18 -> 7748 | F17: =[1]JASEC!G18 -> 7748 | G17: =[1]JASEC!H18 -> 7748 | H17: =[1]JASEC!I18 -> 7481.3 | ... M17: =[1]JASEC!N18 -> 9266.15
A18: =[1]JASEC!B19 -> PREFERENCIAL
A19: =[1]JASEC!B20 -> T-CS
A20: =[1]JASEC!B21 -> Consumo de Energía ≤ 3000 kWh | B20: =[1]JASEC!C21 -> 67 | C20: =[1]JASEC!D21 -> 67 | D20: =[1]JASEC!E21 -> 67 | E20: =[1]JASEC!F21 -> 60 | F20: =[1]JASEC!G21 -> 60 | G20: =[1]JASEC!H21 -> 60 | H20: =[1]JASEC!I21 -> 57.58 | ... M20: =[1]JASEC!N21 -> 71.31
A21: =[1]JASEC!B22 -> Bloque 0-3000 kWh | B21: =[1]JASEC!C22 -> 117000 | C21: =[1]JASEC!D22 -> 117000 | D21: =[1]JASEC!E22 -> 117000 | E21: =[1]JASEC!F22 -> 102000 | F21: =[1]JASEC!G22 -> 102000 | G21: =[1]JASEC!H22 -> 102000 | H21: =[1]JASEC!I22 -> 99540 | ... M21: =[1]JASEC!N22 -> 123270
A22: =[1]JASEC!B23 -> Bloque mayor a 3000 kWh | B22: =[1]JASEC!C23 -> 39 | C22: =[1]JASEC!D23 -> 39 | D22: =[1]JASEC!E23 -> 39 | E22: =[1]JASEC!F23 -> 34 | F22: =[1]JASEC!G23 -> 34 | G22: =[1]JASEC!H23 -> 34 | H22: =[1]JASEC!I23 -> 33.18 | ... M22: =[1]JASEC!N23 -> 41.09
A23: =[1]JASEC!B24 -> Bloque 0-8 kW | B23: =[1]JASEC!C24 -> 46728 | C23: =[1]JASEC!D24 -> 46728 | D23: =[1]JASEC!E24 -> 46728 | E23: =[1]JASEC!F24 -> 41656 | F23: =[1]JASEC!G24 -> 41656 | G23: =[1]JASEC!H24 -> 41656 | H23: =[1]JASEC!I24 -> 40222.96 | ... M23: =[1]JASEC!N24 -> 49819.12
A24: =[1]JASEC!B25 -> Bloque mayor a 8 kW | B24: =[1]JASEC!C25 -> 5841 | C24: =[1]JASEC!D25 -> 5841 | D24: =[1]JASEC!E25 -> 5841 | E24: =[1]JASEC!F25 -> 5207 | F24: =[1]JASEC!G25 -> 5207 | G24: =[1]JASEC!H25 -> 5207 | H24: =[1]JASEC!I25 -> 5027.87 | ... M24: =[1]JASEC!N25 -> 6227.39
A25: =[1]JASEC!B26 -> MEDIA TENSIÓN (T-MT)
A26: =[1]JASEC!B27 -> T-MT
A27: =[1]JASEC!B28 -> Energía Punta | B27: =[1]JASEC!C28 -> 51 | C27: =[1]JASEC!D28 -> 51 | D27: =[1]JASEC!E28 -> 51 | E27: =[1]JASEC!F28 -> 45 | F27: =[1]JASEC!G28 -> 45 | G27: =[1]JASEC!H28 -> 45 | H27: =[1]JASEC!I28 -> 43.92 | ... M27: =[1]JASEC!N28 -> 54.39
A28: =[1]JASEC!B29 -> Energía Valle | B28: =[1]JASEC!C29 -> 25 | C28: =[1]JASEC!D29 -> 25 | D28: =[1]JASEC!E29 -> 25 | E28: =[1]JASEC!F29 -> 22 | F28: =[1]JASEC!G29 -> 22 | G28: =[1]JASEC!H29 -> 22 | H28: =[1]JASEC!I29 -> 21.47 | ... M28: =[1]JASEC!N29 -> 26.59
A29: =[1]JASEC!B30 -> Energía Noche | B29: =[1]JASEC!C30 -> 17 | C29: =[1]JASEC!D30 -> 17 | D29: =[1]JASEC!E30 -> 17 | E29: =[1]JASEC!F30 -> 15 | F29: =[1]JASEC!G30 -> 15 | G29: =[1]JASEC!H30 -> 15 | H29: =[1]JASEC!I30 -> 14.64 | ... M29: =[1]JASEC!N30 -> 18.13
A30: =[1]JASEC!B31 -> Potencia Punta | B30: =[1]JASEC!C31 -> 8979 | C30: =[1]JASEC!D31 -> 8979 | D30: =[1]JASEC!E31 -> 8979 | E30: =[1]JASEC!F31 -> 8005 | F30: =[1]JASEC!G31 -> 8005 | G30: =[1]JASEC!H31 -> 8005 | H30: =[1]JASEC!I31 -> 7729.18 | ... M30: =[1]JASEC!N31 -> 9573.17
A31: =[1]JASEC!B32 -> Potencia Valle | B31: =[1]JASEC!C32 -> 6438 | C31: =[1]JASEC!D32 -> 6438 | D31: =[1]JASEC!E32 -> 6438 | E31: =[1]JASEC!F32 -> 5740 | F31: =[1]JASEC!G32 -> 5740 | G31: =[1]JASEC!H32 -> 5740 | H31: =[1]JASEC!I32 -> 5542.18 | ... M31: =[1]JASEC!N32 -> 6864.39
A32: =[1]JASEC!B33 -> Potencia Noche | B32: =[1]JASEC!C33 -> 4405 | C32: =[1]JASEC!D33 -> 4405 | D32: =[1]JASEC!E33 -> 4405 | E32: =[1]JASEC!F33 -> 3926 | F32: =[1]JASEC!G33 -> 3926 | G32: =[1]JASEC!H33 -> 3926 | H32: =[1]JASEC!I33 -> 3791.4 | ... M32: =[1]JASEC!N33 -> 4695.93
A33: =[1]JASEC!B34 -> ALUMBRADO PÚBLICO
A34: =[1]JASEC!B35 -> T-AP
A35: =[1]JASEC!B36 -> Cada KWh | B35: =[1]JASEC!C36 -> 3.06 | C35: =[1]JASEC!D36 -> 3.06 | D35: =[1]JASEC!E36 -> 3.06 | E35: =[1]JASEC!F36 -> 3.06 | F35: =[1]JASEC!G36 -> 3.06 | G35: =[1]JASEC!H36 -> 3.06 | H35: =[1]JASEC!I36 -> 3.06 | ... M35: =[1]JASEC!N36 -> 3.06

Sheet ESPH 2015
A5: Tabla 5
A6: Tarifas del servicio de distribución eléctrica y alumbrado público prestado por ESPH para el año 2015, según el mes y el tipo de tarifa respectivo.
A7: =[1]ESPH!B7 -> Tipo de tarifa y bloque | B7: =[1]ESPH!C7 -> Enero | C7: =[1]ESPH!D7 -> Febrero | D7: =[1]ESPH!E7 -> Marzo | E7: =[1]ESPH!F7 -> Abril | F7: =[1]ESPH!G7 -> Mayo | G7: =[1]ESPH!H7 -> Junio | H7: =[1]ESPH!I7 -> Julio | ... M7: =[1]ESPH!N7 -> Diciembre
A8: =[1]ESPH!B8 -> RESIDENCIAL
A9: =[1]ESPH!B9 -> T-RE
A10: =[1]ESPH!B10 -> Bloque 31-200 kWh | B10: =[1]ESPH!C10 -> 66 | C10: =[1]ESPH!D10 -> 66 | D10: =[1]ESPH!E10 -> 66 | E10: =[1]ESPH!F10 -> 68.09 | F10: =[1]ESPH!G10 -> 68.09 | G10: =[1]ESPH!H10 -> 68.09 | H10: =[1]ESPH!I10 -> 65.9 | ... M10: =[1]ESPH!N10 -> 66.88
A11: =[1]ESPH!B11 -> Bloque mayor a 200 kWh | B11: =[1]ESPH!C11 -> 86 | C11: =[1]ESPH!D11 -> 86 | D11: =[1]ESPH!E11 -> 86 | E11: =[1]ESPH!F11 -> 88.04 | F11: =[1]ESPH!G11 -> 88.04 | G11: =[1]ESPH!H11 -> 88.04 | H11: =[1]ESPH!I11 -> 85.22 | ... M11: =[1]ESPH!N11 -> 86.47
A12: =[1]ESPH!B12 -> GENERAL
A13: =[1]ESPH!B13 -> T-GE
A14: =[1]ESPH!B14 -> Consumo de Energía ≤ 3 000 kWh | B14: =[1]ESPH!C14 -> 91 | C14: =[1]ESPH!D14 -> 91 | D14: =[1]ESPH!E14 -> 91 | E14: =[1]ESPH!F14 -> 93.91 | F14: =[1]ESPH!G14 -> 93.91 | G14: =[1]ESPH!H14 -> 93.91 | H14: =[1]ESPH!I14 -> 90.9 | ... M14: =[1]ESPH!N14 -> 92.24
A15: =[1]ESPH!B15 -> Bloque 0-3000 kWh | B15: =[1]ESPH!C15 -> 153000 | C15: =[1]ESPH!D15 -> 153000 | D15: =[1]ESPH!E15 -> 153000 | E15: =[1]ESPH!F15 -> 158490 | F15: =[1]ESPH!G15 -> 158490 | G15: =[1]ESPH!H15 -> 158490 | H15: =[1]ESPH!I15 -> 153390 | ... M15: =[1]ESPH!N15 -> 155640
A16: =[1]ESPH!B16 -> Bloque mayor a 3000 kWh | B16: =[1]ESPH!C16 -> 51 | C16: =[1]ESPH!D16 -> 51 | D16: =[1]ESPH!E16 -> 51 | E16: =[1]ESPH!F16 -> 52.83 | F16: =[1]ESPH!G16 -> 52.83 | G16: =[1]ESPH!H16 -> 52.83 | H16: =[1]ESPH!I16 -> 51.13 | ... M16: =[1]ESPH!N16 -> 51.88
A17: =[1]ESPH!B17 -> Bloque 0-10 kW | B17: =[1]ESPH!C17 -> 83350 | C17: =[1]ESPH!D17 -> 83350 | D17: =[1]ESPH!E17 -> 83350 | E17: =[1]ESPH!F17 -> 85778 | F17: =[1]ESPH!G17 -> 85778 | G17: =[1]ESPH!H17 -> 85778 | H17: =[1]ESPH!I17 -> 83022.3 | ... M17: =[1]ESPH!N17 -> 84247.7
A18: =[1]ESPH!B18 -> Bloque mayor a 10 kW | B18: =[1]ESPH!C18 -> 8335 | C18: =[1]ESPH!D18 -> 8335 | D18: =[1]ESPH!E18 -> 8335 | E18: =[1]ESPH!F18 -> 8577.8 | F18: =[1]ESPH!G18 -> 8577.8 | G18: =[1]ESPH!H18 -> 8577.8 | H18: =[1]ESPH!I18 -> 8302.23 | ... M18: =[1]ESPH!N18 -> 8424.77
A19: =[1]ESPH!B19 -> PREFERENCIAL
A20: =[1]ESPH!B20 -> T-CS
A21: =[1]ESPH!B21 -> Consumo de Energía ≤ 3 000 kWh | B21: =[1]ESPH!C21 -> 66 | C21: =[1]ESPH!D21 -> 66 | D21: =[1]ESPH!E21 -> 66 | E21: =[1]ESPH!F21 -> 68.09 | F21: =[1]ESPH!G21 -> 68.09 | G21: =[1]ESPH!H21 -> 68.09 | H21: =[1]ESPH!I21 -> 65.9 | ... M21: =[1]ESPH!N21 -> 66.88
A22: =[1]ESPH!B22 -> Bloque 0-3000 kWh | B22: =[1]ESPH!C22 -> 138000 | C22: =[1]ESPH!D22 -> 138000 | D22: =[1]ESPH!E22 -> 138000 | E22: =[1]ESPH!F22 -> 140880 | F22: =[1]ESPH!G22 -> 140880 | G22: =[1]ESPH!H22 -> 140880 | H22: =[1]ESPH!I22 -> 136350 | ... M22: =[1]ESPH!N22 -> 138360
A23: =[1]ESPH!B23 -> Bloque mayor a 3000 kWh | B23: =[1]ESPH!C23 -> 46 | C23: =[1]ESPH!D23 -> 46 | D23: =[1]ESPH!E23 -> 46 | E23: =[1]ESPH!F23 -> 46.96 | F23: =[1]ESPH!G23 -> 46.96 | G23: =[1]ESPH!H23 -> 46.96 | H23: =[1]ESPH!I23 -> 45.45 | ... M23: =[1]ESPH!N23 -> 46.12
A24: =[1]ESPH!B24 -> Bloque 0-10 kW | B24: =[1]ESPH!C24 -> 71210 | C24: =[1]ESPH!D24 -> 71210 | D24: =[1]ESPH!E24 -> 71210 | E24: =[1]ESPH!F24 -> 73287.7 | F24: =[1]ESPH!G24 -> 73287.7 | G24: =[1]ESPH!H24 -> 73287.7 | H24: =[1]ESPH!I24 -> 70933.2 | ... M24: =[1]ESPH!N24 -> 71980.2
A25: =[1]ESPH!B25 -> Bloque mayor a 10 kW | B25: =[1]ESPH!C25 -> 7121 | C25: =[1]ESPH!D25 -> 7121 | D25: =[1]ESPH!E25 -> 7121 | E25: =[1]ESPH!F25 -> 7328.77 | F25: =[1]ESPH!G25 -> 7328.77 | G25: =[1]ESPH!H25 -> 7328.77 | H25: =[1]ESPH!I25 -> 7093.32 | ... M25: =[1]ESPH!N25 -> 7198.02
A26: =[1]ESPH!B26 -> MEDIA TENSIÓN (T-MT)
A27: =[1]ESPH!B27 -> T-MT
A28: =[1]ESPH!B28 -> Energía Punta | B28: =[1]ESPH!C28 -> 60 | C28: =[1]ESPH!D28 -> 60 | D28: =[1]ESPH!E28 -> 60 | E28: =[1]ESPH!F28 -> 62.22 | F28: =[1]ESPH!G28 -> 62.22 | G28: =[1]ESPH!H28 -> 62.22 | H28: =[1]ESPH!I28 -> 60.22 | ... M28: =[1]ESPH!N28 -> 61.11
A29: =[1]ESPH!B29 -> Energía Valle | B29: =[1]ESPH!C29 -> 31 | C29: =[1]ESPH!D29 -> 31 | D29: =[1]ESPH!E29 -> 31 | E29: =[1]ESPH!F29 -> 31.69 | F29: =[1]ESPH!G29 -> 31.69 | G29: =[1]ESPH!H29 -> 31.69 | H29: =[1]ESPH!I29 -> 30.67 | ... M29: =[1]ESPH!N29 -> 31.13
A30: =[1]ESPH!B30 -> Energía Noche | B30: =[1]ESPH!C30 -> 25 | C30: =[1]ESPH!D30 -> 25 | D30: =[1]ESPH!E30 -> 25 | E30: =[1]ESPH!F30 -> 25.82 | F30: =[1]ESPH!G30 -> 25.82 | G30: =[1]ESPH!H30 -> 25.82 | H30: =[1]ESPH!I30 -> 24.99 | ... M30: =[1]ESPH!N30 -> 25.36
A31: =[1]ESPH!B31 -> Potencia Punta | B31: =[1]ESPH!C31 -> 10129 | C31: =[1]ESPH!D31 -> 10129 | D31: =[1]ESPH!E31 -> 10129 | E31: =[1]ESPH!F31 -> 10424.38 | F31: =[1]ESPH!G31 -> 10424.38 | G31: =[1]ESPH!H31 -> 10424.38 | H31: =[1]ESPH!I31 -> 10089.48 | ... M31: =[1]ESPH!N31 -> 10238.4
A32: =[1]ESPH!B32 -> Potencia Valle | B32: =[1]ESPH!C32 -> 7038 | C32: =[1]ESPH!D32 -> 7038 | D32: =[1]ESPH!E32 -> 7038 | E32: =[1]ESPH!F32 -> 7243.07 | F32: =[1]ESPH!G32 -> 7243.07 | G32: =[1]ESPH!H32 -> 7243.07 | H32: =[1]ESPH!I32 -> 7010.37 | ... M32: =[1]ESPH!N32 -> 7113.85
A33: =[1]ESPH!B33 -> Potencia Noche | B33: =[1]ESPH!C33 -> 4690 | C33: =[1]ESPH!D33 -> 4690 | D33: =[1]ESPH!E33 -> 4690 | E33: =[1]ESPH!F33 -> 4827.14 | F33: =[1]ESPH!G33 -> 4827.14 | G33: =[1]ESPH!H33 -> 4827.14 | H33: =[1]ESPH!I33 -> 4672.06 | ... M33: =[1]ESPH!N33 -> 4741.02
A34: =[1]ESPH!B34 -> ALUMBRADO PÚBLICO
A35: =[1]ESPH!B35 -> T-AP
A36: =[1]ESPH!B36 -> Cada KWh | B36: =[1]ESPH!C36 -> 3.05 | C36: =[1]ESPH!D36 -> 3.05 | D36: =[1]ESPH!E36 -> 3.05 | E36: =[1]ESPH!F36 -> 3.38 | F36: =[1]ESPH!G36 -> 3.38 | G36: =[1]ESPH!H36 -> 3.38 | H36: =[1]ESPH!I36 -> 3.38 | ... M36: =[1]ESPH!N36 -> 3.38

Sheet CL 2015
A5: Tabla 6
A6: Tarifas del servicio de distribución eléctrica y alumbrado público prestado por Coopelesca R.L para el año 2015, según el mes y el tipo de tarifa respectivo.
A7: =[1]COOPELESCA!B7 -> Tipo de tarifa y bloque | B7: =[1]COOPELESCA!C7 -> Enero | C7: =[1]COOPELESCA!D7 -> Febrero | D7: =[1]COOPELESCA!E7 -> Marzo | E7: =[1]COOPELESCA!F7 -> Abril | F7: =[1]COOPELESCA!G7 -> Mayo | G7: =[1]COOPELESCA!H7 -> Junio | H7: =[1]COOPELESCA!I7 -> Julio | ... M7: =[1]COOPELESCA!N7 -> Diciembre
A8: =[1]COOPELESCA!B8 -> RESIDENCIAL
A9: =[1]COOPELESCA!B9 -> T-RE
A10: =[1]COOPELESCA!B10 -> Bloque 31-200 kWh | B10: =[1]COOPELESCA!C10 -> 76 | C10: =[1]COOPELESCA!D10 -> 76 | D10: =[1]COOPELESCA!E10 -> 76 | E10: =[1]COOPELESCA!F10 -> 71 | F10: =[1]COOPELESCA!G10 -> 71 | G10: =[1]COOPELESCA!H10 -> 71 | H10: =[1]COOPELESCA!I10 -> 74.76 | ... M10: =[1]COOPELESCA!N10 -> 73.98
A11: =[1]COOPELESCA!B11 -> Bloque mayor a 200 kWh | B11: =[1]COOPELESCA!C11 -> 96 | C11: =[1]COOPELESCA!D11 -> 96 | D11: =[1]COOPELESCA!E11 -> 96 | E11: =[1]COOPELESCA!F11 -> 91 | F11: =[1]COOPELESCA!G11 -> 91 | G11: =[1]COOPELESCA!H11 -> 91 | H11: =[1]COOPELESCA!I11 -> 94.69 | ... M11: =[1]COOPELESCA!N11 -> 92.97
A12: =[1]COOPELESCA!B12 -> GENERAL
A13: =[1]COOPELESCA!B13 -> T-GE
A14: =[1]COOPELESCA!B14 -> Consumo de Energía ≤ 3000 kWh | B14: =[1]COOPELESCA!C14 -> 100 | C14: =[1]COOPELESCA!D14 -> 100 | D14: =[1]COOPELESCA!E14 -> 100 | E14: =[1]COOPELESCA!F14 -> 94 | F14: =[1]COOPELESCA!G14 -> 94 | G14: =[1]COOPELESCA!H14 -> 94 | H14: =[1]COOPELESCA!I14 -> 97.68 | ... M14: =[1]COOPELESCA!N14 -> 95.97
A15: =[1]COOPELESCA!B15 -> Bloque 0-3000 kWh | B15: =[1]COOPELESCA!C15 -> 240000 | C15: =[1]COOPELESCA!D15 -> 240000 | D15: =[1]COOPELESCA!E15 -> 240000 | E15: =[1]COOPELESCA!F15 -> 225000 | F15: =[1]COOPELESCA!G15 -> 225000 | G15: =[1]COOPELESCA!H15 -> 225000 | H15: =[1]COOPELESCA!I15 -> 236220 | ... M15: =[1]COOPELESCA!N15 -> 233940
A16: =[1]COOPELESCA!B16 -> Bloque mayor a 3000 kWh | B16: =[1]COOPELESCA!C16 -> 80 | C16: =[1]COOPELESCA!D16 -> 80 | D16: =[1]COOPELESCA!E16 -> 80 | E16: =[1]COOPELESCA!F16 -> 75 | F16: =[1]COOPELESCA!G16 -> 75 | G16: =[1]COOPELESCA!H16 -> 75 | H16: =[1]COOPELESCA!I16 -> 78.74 | ... M16: =[1]COOPELESCA!N16 -> 77.98
A17: =[1]COOPELESCA!B17 -> Bloque 0-15 kW | B17: =[1]COOPELESCA!C17 -> 48920 | C17: =[1]COOPELESCA!D17 -> 48920 | D17: =[1]COOPELESCA!E17 -> 48920 | E17: =[1]COOPELESCA!F17 -> 45930 | F17: =[1]COOPELESCA!G17 -> 45930 | G17: =[1]COOPELESCA!H17 -> 45930 | H17: =[1]COOPELESCA!I17 -> 48063.3 | ... M17: =[1]COOPELESCA!N17 -> 47304.9
A18: =[1]COOPELESCA!B18 -> Bloque a mayor 15 kW | B18: =[1]COOPELESCA!C18 -> 4892 | C18: =[1]COOPELESCA!D18 -> 4892 | D18: =[1]COOPELESCA!E18 -> 4892 | E18: =[1]COOPELESCA!F18 -> 4593 | F18: =[1]COOPELESCA!G18 -> 4593 | G18: =[1]COOPELESCA!H18 -> 4593 | H18: =[1]COOPELESCA!I18 -> 4806.33 | ... M18: =[1]COOPELESCA!N18 -> 4730.49
A19: =[1]COOPELESCA!B19 -> MEDIA TENSIÓN (T-MT)
A20: =[1]COOPELESCA!B20 -> T-MT
A21: =[1]COOPELESCA!B21 -> Energía Punta | B21: =[1]COOPELESCA!C21 -> 79 | C21: =[1]COOPELESCA!D21 -> 79 | D21: =[1]COOPELESCA!E21 -> 79 | E21: =[1]COOPELESCA!F21 -> 74 | F21: =[1]COOPELESCA!G21 -> 74 | G21: =[1]COOPELESCA!H21 -> 74 | H21: =[1]COOPELESCA!I21 -> 77.75 | ... M21: =[1]COOPELESCA!N21 -> 76.98
A22: =[1]COOPELESCA!B22 -> Energía Valle | B22: =[1]COOPELESCA!C22 -> 67 | C22: =[1]COOPELESCA!D22 -> 67 | D22: =[1]COOPELESCA!E22 -> 67 | E22: =[1]COOPELESCA!F22 -> 63 | F22: =[1]COOPELESCA!G22 -> 63 | G22: =[1]COOPELESCA!H22 -> 63 | H22: =[1]COOPELESCA!I22 -> 66.78 | ... M22: =[1]COOPELESCA!N22 -> 64.98
A23: =[1]COOPELESCA!B23 -> Energía Noche | B23: =[1]COOPELESCA!C23 -> 61 | C23: =[1]COOPELESCA!D23 -> 61 | D23: =[1]COOPELESCA!E23 -> 61 | E23: =[1]COOPELESCA!F23 -> 57 | F23: =[1]COOPELESCA!G23 -> 57 | G23: =[1]COOPELESCA!H23 -> 57 | H23: =[1]COOPELESCA!I23 -> 59.8 | ... M23: =[1]COOPELESCA!N23 -> 58.98
A24: =[1]COOPELESCA!B24 -> Potencia Punta | B24: =[1]COOPELESCA!C24 -> 4584 | C24: =[1]COOPELESCA!D24 -> 4584 | D24: =[1]COOPELESCA!E24 -> 4584 | E24: =[1]COOPELESCA!F24 -> 4304 | F24: =[1]COOPELESCA!G24 -> 4304 | G24: =[1]COOPELESCA!H24 -> 4304 | H24: =[1]COOPELESCA!I24 -> 4504.31 | ... M24: =[1]COOPELESCA!N24 -> 4432.58
A25: =[1]COOPELESCA!B25 -> Potencia Valle | B25: =[1]COOPELESCA!C25 -> 4584 | C25: =[1]COOPELESCA!D25 -> 4584 | D25: =[1]COOPELESCA!E25 -> 4584 | E25: =[1]COOPELESCA!F25 -> 4304 | F25: =[1]COOPELESCA!G25 -> 4304 | G25: =[1]COOPELESCA!H25 -> 4304 | H25: =[1]COOPELESCA!I25 -> 4504.31 | ... M25: =[1]COOPELESCA!N25 -> 4432.58
A26: =[1]COOPELESCA!B26 -> Potencia Noche
A27: =[1]COOPELESCA!B27 -> ALUMBRADO PÚBLICO
A28: =[1]COOPELESCA!B28 -> T-AP
A29: Cada kWh | B29: =[1]COOPELESCA!C29 -> 4.01 | C29: =[1]COOPELESCA!D29 -> 4.01 | D29: =[1]COOPELESCA!E29 -> 4.01 | E29: =[1]COOPELESCA!F29 -> 4.01 | F29: =[1]COOPELESCA!G29 -> 4.01 | G29: =[1]COOPELESCA!H29 -> 4.01 | H29: =[1]COOPELESCA!I29 -> 4.01 | I29: =[1]COOPELESCA!J29 -> 4.01 | ... M29: =[1]COOPELESCA!N29 -> 4.01

Sheet CG 2015
A5: Tabla 7
A6: Tarifas del servicio de distribución eléctrica y alumbrado público prestado por CoopeGuanacaste R.L para el año 2015, según el mes y el tipo de tarifa respectivo.
A7: =[1]COOPEGUANACASTE!B7 -> Tipo de tarifa y bloque | B7: =[1]COOPEGUANACASTE!C7 -> Enero | C7: =[1]COOPEGUANACASTE!D7 -> Febrero | D7: =[1]COOPEGUANACASTE!E7 -> Marzo | E7: =[1]COOPEGUANACASTE!F7 -> Abril | F7: =[1]COOPEGUANACASTE!G7 -> Mayo | G7: =[1]COOPEGUANACASTE!H7 -> Junio | H7: =[1]COOPEGUANACASTE!I7 -> Julio | ... M7: =[1]COOPEGUANACASTE!N7 -> Diciembre
A8: =[1]COOPEGUANACASTE!B8 -> RESIDENCIAL
A9: =[1]COOPEGUANACASTE!B9 -> T-RE
A10: =[1]COOPEGUANACASTE!B10 -> Bloque 31-200 kWh | B10: =[1]COOPEGUANACASTE!C10 -> 68 | C10: =[1]COOPEGUANACASTE!D10 -> 68 | D10: =[1]COOPEGUANACASTE!E10 -> 68 | E10: =[1]COOPEGUANACASTE!F10 -> 62 | F10: =[1]COOPEGUANACASTE!G10 -> 62 | G10: =[1]COOPEGUANACASTE!H10 -> 62 | H10: =[1]COOPEGUANACASTE!I10 -> 66.89 | ... M10: =[1]COOPEGUANACASTE!N10 -> 67.65
A11: =[1]COOPEGUANACASTE!B11 -> Bloque mayor a 200 kWh | B11: =[1]COOPEGUANACASTE!C11 -> 96 | C11: =[1]COOPEGUANACASTE!D11 -> 96 | D11: =[1]COOPEGUANACASTE!E11 -> 96 | E11: =[1]COOPEGUANACASTE!F11 -> 87 | F11: =[1]COOPEGUANACASTE!G11 -> 87 | G11: =[1]COOPEGUANACASTE!H11 -> 87 | H11: =[1]COOPEGUANACASTE!I11 -> 94.29 | ... M11: =[1]COOPEGUANACASTE!N11 -> 95.37
A12: =[1]COOPEGUANACASTE!B12 -> GENERAL
A13: =[1]COOPEGUANACASTE!B13 -> T-GE
A14: =[1]COOPEGUANACASTE!B14 -> Consumo de Energía ≤ 3000 kWh | B14: =[1]COOPEGUANACASTE!C14 -> 100 | C14: =[1]COOPEGUANACASTE!D14 -> 100 | D14: =[1]COOPEGUANACASTE!E14 -> 100 | E14: =[1]COOPEGUANACASTE!F14 -> 91 | F14: =[1]COOPEGUANACASTE!G14 -> 91 | G14: =[1]COOPEGUANACASTE!H14 -> 91 | H14: =[1]COOPEGUANACASTE!I14 -> 98.68 | ... M14: =[1]COOPEGUANACASTE!N14 -> 99.8
A15: =[1]COOPEGUANACASTE!B15 -> Bloque 0-3000 kWh | B15: =[1]COOPEGUANACASTE!C15 -> 192000 | C15: =[1]COOPEGUANACASTE!D15 -> 192000 | D15: =[1]COOPEGUANACASTE!E15 -> 192000 | E15: =[1]COOPEGUANACASTE!F15 -> 174000 | F15: =[1]COOPEGUANACASTE!G15 -> 174000 | G15: =[1]COOPEGUANACASTE!H15 -> 174000 | H15: =[1]COOPEGUANACASTE!I15 -> 187500 | ... M15: =[1]COOPEGUANACASTE!N15 -> 189630
A16: =[1]COOPEGUANACASTE!B16 -> Bloque mayor a 3000 kWh | B16: =[1]COOPEGUANACASTE!C16 -> 64 | C16: =[1]COOPEGUANACASTE!D16 -> 64 | D16: =[1]COOPEGUANACASTE!E16 -> 64 | E16: =[1]COOPEGUANACASTE!F16 -> 58 | F16: =[1]COOPEGUANACASTE!G16 -> 58 | G16: =[1]COOPEGUANACASTE!H16 -> 58 | H16: =[1]COOPEGUANACASTE!I16 -> 62.5 | ... M16: =[1]COOPEGUANACASTE!N16 -> 63.21
A17: =[1]COOPEGUANACASTE!B17 -> Bloque 0-10 kW | B17: =[1]COOPEGUANACASTE!C17 -> 93910 | C17: =[1]COOPEGUANACASTE!D17 -> 93910 | D17: =[1]COOPEGUANACASTE!E17 -> 93910 | E17: =[1]COOPEGUANACASTE!F17 -> 84940 | F17: =[1]COOPEGUANACASTE!G17 -> 84940 | G17: =[1]COOPEGUANACASTE!H17 -> 84940 | H17: =[1]COOPEGUANACASTE!I17 -> 92297.9 | ... M17: =[1]COOPEGUANACASTE!N17 -> 93346.9
A18: =[1]COOPEGUANACASTE!B18 -> Bloque mayor a 10 kW | B18: =[1]COOPEGUANACASTE!C18 -> 9391 | C18: =[1]COOPEGUANACASTE!D18 -> 9391 | D18: =[1]COOPEGUANACASTE!E18 -> 9391 | E18: =[1]COOPEGUANACASTE!F18 -> 8494 | F18: =[1]COOPEGUANACASTE!G18 -> 8494 | G18: =[1]COOPEGUANACASTE!H18 -> 8494 | H18: =[1]COOPEGUANACASTE!I18 -> 9229.79 | ... M18: =[1]COOPEGUANACASTE!N18 -> 9334.69
A19: =[1]COOPEGUANACASTE!B19 -> MEDIA TENSIÓN (T-MT)
A20: =[1]COOPEGUANACASTE!B20 -> T-MT
A21: =[1]COOPEGUANACASTE!B21 -> Energía Punta | B21: =[1]COOPEGUANACASTE!C21 -> 84 | C21: =[1]COOPEGUANACASTE!D21 -> 84 | D21: =[1]COOPEGUANACASTE!E21 -> 84 | E21: =[1]COOPEGUANACASTE!F21 -> 76 | F21: =[1]COOPEGUANACASTE!G21 -> 76 | G21: =[1]COOPEGUANACASTE!H21 -> 76 | H21: =[1]COOPEGUANACASTE!I21 -> 82.24 | ... M21: =[1]COOPEGUANACASTE!N21 -> 83.17
A22: =[1]COOPEGUANACASTE!B22 -> Energía Valle | B22: =[1]COOPEGUANACASTE!C22 -> 73 | C22: =[1]COOPEGUANACASTE!D22 -> 73 | D22: =[1]COOPEGUANACASTE!E22 -> 73 | E22: =[1]COOPEGUANACASTE!F22 -> 66 | F22: =[1]COOPEGUANACASTE!G22 -> 66 | G22: =[1]COOPEGUANACASTE!H22 -> 66 | H22: =[1]COOPEGUANACASTE!I22 -> 71.27 | ... M22: =[1]COOPEGUANACASTE!N22 -> 72.08
A23: =[1]COOPEGUANACASTE!B23 -> Energía Noche | B23: =[1]COOPEGUANACASTE!C23 -> 65 | C23: =[1]COOPEGUANACASTE!D23 -> 65 | D23: =[1]COOPEGUANACASTE!E23 -> 65 | E23: =[1]COOPEGUANACASTE!F23 -> 59 | F23: =[1]COOPEGUANACASTE!G23 -> 59 | G23: =[1]COOPEGUANACASTE!H23 -> 59 | H23: =[1]COOPEGUANACASTE!I23 -> 63.59 | ... M23: =[1]COOPEGUANACASTE!N23 -> 64.32
A24: =[1]COOPEGUANACASTE!B24 -> Potencia Punta | B24: =[1]COOPEGUANACASTE!C24 -> 3791 | C24: =[1]COOPEGUANACASTE!D24 -> 3791 | D24: =[1]COOPEGUANACASTE!E24 -> 3791 | E24: =[1]COOPEGUANACASTE!F24 -> 3429 | F24: =[1]COOPEGUANACASTE!G24 -> 3429 | G24: =[1]COOPEGUANACASTE!H24 -> 3429 | H24: =[1]COOPEGUANACASTE!I24 -> 3725.69 | ... M24: =[1]COOPEGUANACASTE!N24 -> 3768.03
A25: =[1]COOPEGUANACASTE!B25 -> Potencia Valle | B25: =[1]COOPEGUANACASTE!C25 -> 3791 | C25: =[1]COOPEGUANACASTE!D25 -> 3791 | D25: =[1]COOPEGUANACASTE!E25 -> 3791 | E25: =[1]COOPEGUANACASTE!F25 -> 3429 | F25: =[1]COOPEGUANACASTE!G25 -> 3429 | G25: =[1]COOPEGUANACASTE!H25 -> 3429 | H25: =[1]COOPEGUANACASTE!I25 -> 3725.69 | ... M25: =[1]COOPEGUANACASTE!N25 -> 3768.03
A26: =[1]COOPEGUANACASTE!B26 -> Potencia Noche
A27: =[1]COOPEGUANACASTE!B27 -> ALUMBRADO PÚBLICO
A28: =[1]COOPEGUANACASTE!B28 -> T-AP
A29: Cada kWh | B29: =[1]COOPEGUANACASTE!C29 -> 2.88 | C29: =[1]COOPEGUANACASTE!D29 -> 2.88 | D29: =[1]COOPEGUANACASTE!E29 -> 2.88 | E29: =[1]COOPEGUANACASTE!F29 -> 2.88 | F29: =[1]COOPEGUANACASTE!G29 -> 2.88 | G29: =[1]COOPEGUANACASTE!H29 -> 2.88 | H29: =[1]COOPEGUANACASTE!I29 -> 3.28 | I29: =[1]COOPEGUANACASTE!J29 -> 3.28 | ... M29: =[1]COOPEGUANACASTE!N29 -> 3.28

Sheet CS 2015
A5: Tabla 8
A6: Tarifas del servicio de distribución eléctrica y alumbrado público prestado por CoopeSantos R.L para el año 2015, según el mes y el tipo de tarifa respectivo.
A7: =[1]COOPESANTOS!B7 -> Tipo de tarifa y bloque | B7: =[1]COOPESANTOS!C7 -> Enero | C7: =[1]COOPESANTOS!D7 -> Febrero | D7: =[1]COOPESANTOS!E7 -> Marzo | E7: =[1]COOPESANTOS!F7 -> Abril | F7: =[1]COOPESANTOS!G7 -> Mayo | G7: =[1]COOPESANTOS!H7 -> Junio | H7: =[1]COOPESANTOS!I7 -> Julio | ... M7: =[1]COOPESANTOS!N7 -> Diciembre
A8: =[1]COOPESANTOS!B8 -> RESIDENCIAL
A9: =[1]COOPESANTOS!B9 -> T-RE
A10: =[1]COOPESANTOS!B10 -> Bloque 31-200 kWh | B10: =[1]COOPESANTOS!C10 -> 80 | C10: =[1]COOPESANTOS!D10 -> 80 | D10: =[1]COOPESANTOS!E10 -> 80 | E10: =[1]COOPESANTOS!F10 -> 79.54 | F10: =[1]COOPESANTOS!G10 -> 83.08 | G10: =[1]COOPESANTOS!H10 -> 83.08 | H10: =[1]COOPESANTOS!I10 -> 81.43 | ... M10: =[1]COOPESANTOS!N10 -> 82.37
A11: =[1]COOPESANTOS!B11 -> Bloque mayor a 200 kWh | B11: =[1]COOPESANTOS!C11 -> 129 | C11: =[1]COOPESANTOS!D11 -> 129 | D11: =[1]COOPESANTOS!E11 -> 129 | E11: =[1]COOPESANTOS!F11 -> 129.23 | F11: =[1]COOPESANTOS!G11 -> 134.46 | G11: =[1]COOPESANTOS!H11 -> 134.46 | H11: =[1]COOPESANTOS!I11 -> 131.8 | ... M11: =[1]COOPESANTOS!N11 -> 133.3
A12: =[1]COOPESANTOS!B12 -> GENERAL
A13: =[1]COOPESANTOS!B13 -> T-GE
A14: =[1]COOPESANTOS!B14 -> Consumo de Energía ≤ 3000 kWh | B14: =[1]COOPESANTOS!C14 -> 154 | C14: =[1]COOPESANTOS!D14 -> 154 | D14: =[1]COOPESANTOS!E14 -> 154 | E14: =[1]COOPESANTOS!F14 -> 154.35 | F14: =[1]COOPESANTOS!G14 -> 160.7 | G14: =[1]COOPESANTOS!H14 -> 160.7 | H14: =[1]COOPESANTOS!I14 -> 157.52 | ... M14: =[1]COOPESANTOS!N14 -> 159.32
A15: =[1]COOPESANTOS!B15 -> Bloque 0-3000 kWh | B15: =[1]COOPESANTOS!C15 -> 279000 | C15: =[1]COOPESANTOS!D15 -> 279000 | D15: =[1]COOPESANTOS!E15 -> 279000 | E15: =[1]COOPESANTOS!F15 -> 280935 | F15: =[1]COOPESANTOS!G15 -> 291870 | G15: =[1]COOPESANTOS!H15 -> 291870 | H15: =[1]COOPESANTOS!I15 -> 286080 | ... M15: =[1]COOPESANTOS!N15 -> 289350
A16: =[1]COOPESANTOS!B16 -> Bloque mayor a 3000 kWh | B16: =[1]COOPESANTOS!C16 -> 93 | C16: =[1]COOPESANTOS!D16 -> 93 | D16: =[1]COOPESANTOS!E16 -> 93 | E16: =[1]COOPESANTOS!F16 -> 93.645 | F16: =[1]COOPESANTOS!G16 -> 97.29 | G16: =[1]COOPESANTOS!H16 -> 97.29 | H16: =[1]COOPESANTOS!I16 -> 95.36 | ... M16: =[1]COOPESANTOS!N16 -> 96.45
A17: =[1]COOPESANTOS!B17 -> Bloque 0-15 kW | B17: =[1]COOPESANTOS!C17 -> 229215 | C17: =[1]COOPESANTOS!D17 -> 229215 | D17: =[1]COOPESANTOS!E17 -> 229215 | E17: =[1]COOPESANTOS!F17 -> 229494.9 | F17: =[1]COOPESANTOS!G17 -> 239014.8 | G17: =[1]COOPESANTOS!H17 -> 239014.8 | H17: =[1]COOPESANTOS!I17 -> 234280.5 | ... M17: =[1]COOPESANTOS!N17 -> 236958.9
A18: =[1]COOPESANTOS!B18 -> Bloque mayor a 15 kW | B18: =[1]COOPESANTOS!C18 -> 15281 | C18: =[1]COOPESANTOS!D18 -> 15281 | D18: =[1]COOPESANTOS!E18 -> 15281 | E18: =[1]COOPESANTOS!F18 -> 15299.66 | F18: =[1]COOPESANTOS!G18 -> 15934.32 | G18: =[1]COOPESANTOS!H18 -> 15934.32 | H18: =[1]COOPESANTOS!I18 -> 15618.7 | ... M18: =[1]COOPESANTOS!N18 -> 15797.26
A19: =[1]COOPESANTOS!B19 -> PREFERENCIAL
A20: =[1]COOPESANTOS!B20 -> T-CS
A21: =[1]COOPESANTOS!B21 -> Bloque 0-250 kWh | B21: =[1]COOPESANTOS!C21 -> 110 | C21: =[1]COOPESANTOS!D21 -> 110 | D21: =[1]COOPESANTOS!E21 -> 110 | E21: =[1]COOPESANTOS!F21 -> 110.395 | F21: =[1]COOPESANTOS!G21 -> 114.79 | G21: =[1]COOPESANTOS!H21 -> 114.79 | H21: =[1]COOPESANTOS!I21 -> 112.52 | ... M21: =[1]COOPESANTOS!N21 -> 113.8
A22: =[1]COOPESANTOS!B22 -> Bloque mayor a 250 kWh | B22: =[1]COOPESANTOS!C22 -> 154 | C22: =[1]COOPESANTOS!D22 -> 154 | D22: =[1]COOPESANTOS!E22 -> 154 | E22: =[1]COOPESANTOS!F22 -> 154.35 | F22: =[1]COOPESANTOS!G22 -> 160.7 | G22: =[1]COOPESANTOS!H22 -> 160.7 | H22: =[1]COOPESANTOS!I22 -> 157.52 | ... M22: =[1]COOPESANTOS!N22 -> 113.8
A23: =[1]COOPESANTOS!B23 -> Bloque 0-3000 kWh | B23: =[1]COOPESANTOS!C23 -> 279000 | C23: =[1]COOPESANTOS!D23 -> 279000 | D23: =[1]COOPESANTOS!E23 -> 279000 | E23: =[1]COOPESANTOS!F23 -> 280935 | F23: =[1]COOPESANTOS!G23 -> 291870 | G23: =[1]COOPESANTOS!H23 -> 291870 | H23: =[1]COOPESANTOS!I23 -> 286080 | ... M23: =[1]COOPESANTOS!N23 -> 289350
A24: =[1]COOPESANTOS!B24 -> Bloque mayor a 3000 kWh | B24: =[1]COOPESANTOS!C24 -> 93 | C24: =[1]COOPESANTOS!D24 -> 93 | D24: =[1]COOPESANTOS!E24 -> 93 | E24: =[1]COOPESANTOS!F24 -> 93.645 | F24: =[1]COOPESANTOS!G24 -> 97.29 | G24: =[1]COOPESANTOS!H24 -> 97.29 | H24: =[1]COOPESANTOS!I24 -> 95.36 | ... M24: =[1]COOPESANTOS!N24 -> 96.45
A25: =[1]COOPESANTOS!B25 -> Bloque 0-15 kW | B25: =[1]COOPESANTOS!C25 -> 229215 | C25: =[1]COOPESANTOS!D25 -> 229215 | D25: =[1]COOPESANTOS!E25 -> 229215 | E25: =[1]COOPESANTOS!F25 -> 229494.9 | F25: =[1]COOPESANTOS!G25 -> 239014.8 | G25: =[1]COOPESANTOS!H25 -> 239014.8 | H25: =[1]COOPESANTOS!I25 -> 234280.5 | ... M25: =[1]COOPESANTOS!N25 -> 236958.9
A26: =[1]COOPESANTOS!B26 -> Bloque mayor a 15 kW | B26: =[1]COOPESANTOS!C26 -> 15281 | C26: =[1]COOPESANTOS!D26 -> 15281 | D26: =[1]COOPESANTOS!E26 -> 15281 | E26: =[1]COOPESANTOS!F26 -> 15299.66 | F26: =[1]COOPESANTOS!G26 -> 15934.32 | G26: =[1]COOPESANTOS!H26 -> 15934.32 | H26: =[1]COOPESANTOS!I26 -> 15618.7 | ... M26: =[1]COOPESANTOS!N26 -> 15797.26
A27: =[1]COOPESANTOS!B27 -> MEDIA TENSIÓN (T-MT)
A28: =[1]COOPESANTOS!B28 -> T-MT
A29: =[1]COOPESANTOS!B29 -> Energía Punta | B29: =[1]COOPESANTOS!C29 -> 73 | C29: =[1]COOPESANTOS!D29 -> 73 | D29: =[1]COOPESANTOS!E29 -> 73 | E29: =[1]COOPESANTOS!F29 -> 73.26 | F29: =[1]COOPESANTOS!G29 -> 76.52 | G29: =[1]COOPESANTOS!H29 -> 76.52 | H29: =[1]COOPESANTOS!I29 -> 75.01 | ... M29: =[1]COOPESANTOS!N29 -> 75.87
A30: =[1]COOPESANTOS!B30 -> Energía Valle | B30: =[1]COOPESANTOS!C30 -> 29 | C30: =[1]COOPESANTOS!D30 -> 29 | D30: =[1]COOPESANTOS!E30 -> 29 | E30: =[1]COOPESANTOS!F30 -> 29.305 | F30: =[1]COOPESANTOS!G30 -> 30.61 | G30: =[1]COOPESANTOS!H30 -> 30.61 | H30: =[1]COOPESANTOS!I30 -> 30.01 | ... M30: =[1]COOPESANTOS!N30 -> 30.35
A31: =[1]COOPESANTOS!B31 -> Energía Noche | B31: =[1]COOPESANTOS!C31 -> 19 | C31: =[1]COOPESANTOS!D31 -> 19 | D31: =[1]COOPESANTOS!E31 -> 19 | E31: =[1]COOPESANTOS!F31 -> 18.84 | F31: =[1]COOPESANTOS!G31 -> 19.68 | G31: =[1]COOPESANTOS!H31 -> 19.68 | H31: =[1]COOPESANTOS!I31 -> 19.29 | ... M31: =[1]COOPESANTOS!N31 -> 19.51
A32: =[1]COOPESANTOS!B32 -> Potencia Punta | B32: =[1]COOPESANTOS!C32 -> 11213 | C32: =[1]COOPESANTOS!D32 -> 11213 | D32: =[1]COOPESANTOS!E32 -> 11213 | E32: =[1]COOPESANTOS!F32 -> 11225.83 | F32: =[1]COOPESANTOS!G32 -> 11691.66 | G32: =[1]COOPESANTOS!H32 -> 11691.66 | H32: =[1]COOPESANTOS!I32 -> 11460.08 | ... M32: =[1]COOPESANTOS!N32 -> 11591.1
A33: =[1]COOPESANTOS!B33 -> Potencia Valle | B33: =[1]COOPESANTOS!C33 -> 8145 | C33: =[1]COOPESANTOS!D33 -> 8145 | D33: =[1]COOPESANTOS!E33 -> 8145 | E33: =[1]COOPESANTOS!F33 -> 8154.49 | F33: =[1]COOPESANTOS!G33 -> 8492.98 | G33: =[1]COOPESANTOS!H33 -> 8492.98 | H33: =[1]COOPESANTOS!I33 -> 8324.76 | ... M33: =[1]COOPESANTOS!N33 -> 8419.93
A34: =[1]COOPESANTOS!B34 -> Potencia Noche | B34: =[1]COOPESANTOS!C34 -> 5128 | C34: =[1]COOPESANTOS!D34 -> 5128 | D34: =[1]COOPESANTOS!E34 -> 5128 | E34: =[1]COOPESANTOS!F34 -> 5133.895 | F34: =[1]COOPESANTOS!G34 -> 5346.79 | G34: =[1]COOPESANTOS!H34 -> 5346.79 | H34: =[1]COOPESANTOS!I34 -> 5240.88 | ... M34: =[1]COOPESANTOS!N34 -> 5300.8
A35: =[1]COOPESANTOS!B35 -> ALUMBRADO PÚBLICO
A36: =[1]COOPESANTOS!B36 -> T-AP
A37: =[1]COOPESANTOS!B37 -> Cada KWh | B37: =[1]COOPESANTOS!C37 -> 3.72 | C37: =[1]COOPESANTOS!D37 -> 3.72 | D37: =[1]COOPESANTOS!E37 -> 3.72 | E37: =[1]COOPESANTOS!F37 -> 3.72 | F37: =[1]COOPESANTOS!G37 -> 3.72 | G37: =[1]COOPESANTOS!H37 -> 3.72 | H37: =[1]COOPESANTOS!I37 -> 3.72 | ... M37: =[1]COOPESANTOS!N37 -> 3.72

Sheet CAR 2015
A5: Tabla 9
A6: Tarifas del servicio de distribución eléctrica y alumbrado público prestado por CoopeAlfaroRuiz R.L para el año 2015, según el mes y el tipo de tarifa respectivo.
A7: =[1]COOPEALFARORUIZ!B7 -> Tipo de tarifa y bloque | B7: =[1]COOPEALFARORUIZ!C7 -> Enero | C7: =[1]COOPEALFARORUIZ!D7 -> Febrero | D7: =[1]COOPEALFARORUIZ!E7 -> Marzo | E7: =[1]COOPEALFARORUIZ!F7 -> Abril | F7: =[1]COOPEALFARORUIZ!G7 -> Mayo | G7: =[1]COOPEALFARORUIZ!H7 -> Junio | H7: =[1]COOPEALFARORUIZ!I7 -> Julio | ... M7: =[1]COOPEALFARORUIZ!N7 -> Diciembre
A8: =[1]COOPEALFARORUIZ!B8 -> RESIDENCIAL
A9: =[1]COOPEALFARORUIZ!B9 -> T-RE
A10: =[1]COOPEALFARORUIZ!B10 -> Bloque 31-200 kWh | B10: =[1]COOPEALFARORUIZ!C10 -> 67 | C10: =[1]COOPEALFARORUIZ!D10 -> 67 | D10: =[1]COOPEALFARORUIZ!E10 -> 67 | E10: =[1]COOPEALFARORUIZ!F10 -> 61 | F10: =[1]COOPEALFARORUIZ!G10 -> 61 | G10: =[1]COOPEALFARORUIZ!H10 -> 61 | H10: =[1]COOPEALFARORUIZ!I10 -> 67.796774 | ... M10: =[1]COOPEALFARORUIZ!N10 -> 70.85
A11: =[1]COOPEALFARORUIZ!B11 -> Bloque mayor a 200 kWh | B11: =[1]COOPEALFARORUIZ!C11 -> 88 | C11: =[1]COOPEALFARORUIZ!D11 -> 88 | D11: =[1]COOPEALFARORUIZ!E11 -> 88 | E11: =[1]COOPEALFARORUIZ!F11 -> 79 | F11: =[1]COOPEALFARORUIZ!G11 -> 79 | G11: =[1]COOPEALFARORUIZ!H11 -> 79 | H11: =[1]COOPEALFARORUIZ!I11 -> 88.132581 | ... M11: =[1]COOPEALFARORUIZ!N11 -> 92.1
A12: =[1]COOPEALFARORUIZ!B12 -> GENERAL
A13: =[1]COOPEALFARORUIZ!B13 -> T-GE
A14: =[1]COOPEALFARORUIZ!B14 -> Consumo de Energía ≤ 3000 kWh | B14: =[1]COOPEALFARORUIZ!C14 -> 94 | C14: =[1]COOPEALFARORUIZ!D14 -> 94 | D14: =[1]COOPEALFARORUIZ!E14 -> 94 | E14: =[1]COOPEALFARORUIZ!F14 -> 85 | F14: =[1]COOPEALFARORUIZ!G14 -> 85 | G14: =[1]COOPEALFARORUIZ!H14 -> 85 | H14: =[1]COOPEALFARORUIZ!I14 -> 94.905806 | ... M14: =[1]COOPEALFARORUIZ!N14 -> 99.18
A15: =[1]COOPEALFARORUIZ!B15 -> Bloque 0-3000 kWh | B15: =[1]COOPEALFARORUIZ!C15 -> 171000 | C15: =[1]COOPEALFARORUIZ!D15 -> 171000 | D15: =[1]COOPEALFARORUIZ!E15 -> 171000 | E15: =[1]COOPEALFARORUIZ!F15 -> 156000 | F15: =[1]COOPEALFARORUIZ!G15 -> 156000 | G15: =[1]COOPEALFARORUIZ!H15 -> 156000 | H15: =[1]COOPEALFARORUIZ!I15 -> 172877.42 | ... M15: =[1]COOPEALFARORUIZ!N15 -> 180660
A16: =[1]COOPEALFARORUIZ!B16 -> Bloque mayor a 3000 kWh | B16: =[1]COOPEALFARORUIZ!C16 -> 57 | C16: =[1]COOPEALFARORUIZ!D16 -> 57 | D16: =[1]COOPEALFARORUIZ!E16 -> 57 | E16: =[1]COOPEALFARORUIZ!F16 -> 52 | F16: =[1]COOPEALFARORUIZ!G16 -> 52 | G16: =[1]COOPEALFARORUIZ!H16 -> 52 | H16: =[1]COOPEALFARORUIZ!I16 -> 57.625806 | ... M16: =[1]COOPEALFARORUIZ!N16 -> 60.22
A17: =[1]COOPEALFARORUIZ!B17 -> Bloque 0-15 kW | B17: =[1]COOPEALFARORUIZ!C17 -> 134520 | C17: =[1]COOPEALFARORUIZ!D17 -> 134520 | D17: =[1]COOPEALFARORUIZ!E17 -> 134520 | E17: =[1]COOPEALFARORUIZ!F17 -> 120855 | F17: =[1]COOPEALFARORUIZ!G17 -> 120855 | G17: =[1]COOPEALFARORUIZ!H17 -> 120855 | H17: =[1]COOPEALFARORUIZ!I17 -> 135114.29 | ... M17: =[1]COOPEALFARORUIZ!N17 -> 141195.3
A18: =[1]COOPEALFARORUIZ!B18 -> Bloque mayor a 15 kW | B18: =[1]COOPEALFARORUIZ!C18 -> 8968 | C18: =[1]COOPEALFARORUIZ!D18 -> 8968 | D18: =[1]COOPEALFARORUIZ!E18 -> 8968 | E18: =[1]COOPEALFARORUIZ!F18 -> 8057 | F18: =[1]COOPEALFARORUIZ!G18 -> 8057 | G18: =[1]COOPEALFARORUIZ!H18 -> 8057 | H18: =[1]COOPEALFARORUIZ!I18 -> 9007.6194 | ... M18: =[1]COOPEALFARORUIZ!N18 -> 9413.02
A19: =[1]COOPEALFARORUIZ!B19 -> ALUMBRADO PÚBLICO
A20: =[1]COOPEALFARORUIZ!B20 -> T-AP
A21: =[1]COOPEALFARORUIZ!B21 -> Cada KWh | B21: =[1]COOPEALFARORUIZ!C21 -> 3.18 | C21: =[1]COOPEALFARORUIZ!D21 -> 3.18 | D21: =[1]COOPEALFARORUIZ!E21 -> 3.18 | E21: =[1]COOPEALFARORUIZ!F21 -> 3.18 | F21: =[1]COOPEALFARORUIZ!G21 -> 3.18 | G21: =[1]COOPEALFARORUIZ!H21 -> 3.18 | H21: =[1]COOPEALFARORUIZ!I21 -> 3.18 | ... M21: =[1]COOPEALFARORUIZ!N21 -> 3.18

Sheet 2016
B2: Seleccione la empresa que desea consultar:

Sheet ICE 2016
A5: Tabla 1
A6: Tarifas del servicio de generación eléctrica prestado por el ICE para el año 2016, según el mes y el tipo de tarifa respectivo.
A7: =[2]ICE!B67 -> Tipo de tarifa y bloque | B7: =[2]ICE!C67 -> Enero | C7: =[2]ICE!D67 -> Febrero | D7: =[2]ICE!E67 -> Marzo | E7: =[2]ICE!F67 -> Abril | F7: =[2]ICE!G67 -> Mayo | G7: =[2]ICE!H67 -> Junio | H7: =[2]ICE!I67 -> Julio | ... M7: =[2]ICE!N67 -> Diciembre
A8: =[2]ICE!B68 -> VENTAS A ICE DISTRIBUCIÓN Y A LA CNFL
A9: =[2]ICE!B69 -> T-CB
A10: =[2]ICE!B70 -> Energía Punta | E10: =[2]ICE!F70 -> 49.33 | F10: =[2]ICE!G70 -> 49.33 | G10: =[2]ICE!H70 -> 49.33 | H10: =[2]ICE!I70 -> 54.06 | I10: =[2]ICE!J70 -> 54.06 | J10: =[2]ICE!K70 -> 54.06 | K10: =[2]ICE!L70 -> 51.26 | L10: =[2]ICE!M70 -> 51.26 | M10: =[2]ICE!N70 -> 51.26
A11: =[2]ICE!B71 -> Energía Valle | E11: =[2]ICE!F71 -> 40.41 | F11: =[2]ICE!G71 -> 40.41 | G11: =[2]ICE!H71 -> 40.41 | H11: =[2]ICE!I71 -> 44.29 | I11: =[2]ICE!J71 -> 44.29 | J11: =[2]ICE!K71 -> 44.29 | K11: =[2]ICE!L71 -> 42 | L11: =[2]ICE!M71 -> 42 | M11: =[2]ICE!N71 -> 42
A12: =[2]ICE!B72 -> Energía Noche | E12: =[2]ICE!F72 -> 34.31 | F12: =[2]ICE!G72 -> 34.31 | G12: =[2]ICE!H72 -> 34.31 | H12: =[2]ICE!I72 -> 37.6 | I12: =[2]ICE!J72 -> 37.6 | J12: =[2]ICE!K72 -> 37.6 | K12: =[2]ICE!L72 -> 35.66 | L12: =[2]ICE!M72 -> 35.66 | M12: =[2]ICE!N72 -> 35.66
A13: =[2]ICE!B73 -> Potencia Punta | E13: =[2]ICE!F73 -> 2616.37 | F13: =[2]ICE!G73 -> 2616.37 | G13: =[2]ICE!H73 -> 2616.37 | H13: =[2]ICE!I73 -> 2867.35 | I13: =[2]ICE!J73 -> 2867.35 | J13: =[2]ICE!K73 -> 2867.35 | K13: =[2]ICE!L73 -> 2719.1 | L13: =[2]ICE!M73 -> 2719.1 | M13: =[2]ICE!N73 -> 2719.1
A14: =[2]ICE!B74 -> Potencia Valle | E14: =[2]ICE!F74 -> 2616.37 | F14: =[2]ICE!G74 -> 2616.37 | G14: =[2]ICE!H74 -> 2616.37 | H14: =[2]ICE!I74 -> 2867.35 | I14: =[2]ICE!J74 -> 2867.35 | J14: =[2]ICE!K74 -> 2867.35 | K14: =[2]ICE!L74 -> 2719.1 | L14: =[2]ICE!M74 -> 2719.1 | M14: =[2]ICE!N74 -> 2719.1
A15: =[2]ICE!B75 -> Potencia Noche | E15: =[2]ICE!F75 -> 0 | F15: =[2]ICE!G75 -> 0 | G15: =[2]ICE!H75 -> 0 | H15: =[2]ICE!I75 -> 0 | I15: =[2]ICE!J75 -> 0 | J15: =[2]ICE!K75 -> 0 | K15: =[2]ICE!L75 -> 0 | L15: =[2]ICE!M75 -> 0 | M15: =[2]ICE!N75 -> 0
A16: =[2]ICE!B76 -> VENTAS AL SERVICIO DE DISTRIBUCIÓN
A17: =[2]ICE!B77 -> T-SD
A18: =[2]ICE!B78 -> Energía Punta | B18: =[2]ICE!C78 -> 50.66 | C18: =[2]ICE!D78 -> 50.66 | D18: =[2]ICE!E78 -> 50.66 | E18: =[2]ICE!F78 -> 48.69 | F18: =[2]ICE!G78 -> 48.69 | G18: =[2]ICE!H78 -> 48.69 | H18: =[2]ICE!I78 -> 53.36 | ... M18: =[2]ICE!N78 -> 50.6
A19: =[2]ICE!B79 -> Energía Valle | B19: =[2]ICE!C79 -> 41.5 | C19: =[2]ICE!D79 -> 41.5 | D19: =[2]ICE!E79 -> 41.5 | E19: =[2]ICE!F79 -> 39.89 | F19: =[2]ICE!G79 -> 39.89 | G19: =[2]ICE!H79 -> 39.89 | H19: =[2]ICE!I79 -> 43.7 | ... M19: =[2]ICE!N79 -> 41.44
A20: =[2]ICE!B80 -> Energía Noche | B20: =[2]ICE!C80 -> 35.49 | C20: =[2]ICE!D80 -> 35.49 | D20: =[2]ICE!E80 -> 35.49 | E20: =[2]ICE!F80 -> 34.11 | F20: =[2]ICE!G80 -> 34.11 | G20: =[2]ICE!H80 -> 34.11 | H20: =[2]ICE!I80 -> 37.39 | ... M20: =[2]ICE!N80 -> 35.45
A21: =[2]ICE!B81 -> Potencia Punta | B21: =[2]ICE!C81 -> 2722 | C21: =[2]ICE!D81 -> 2722 | D21: =[2]ICE!E81 -> 2722 | E21: =[2]ICE!F81 -> 2616.37 | F21: =[2]ICE!G81 -> 2616.37 | G21: =[2]ICE!H81 -> 2616.37 | H21: =[2]ICE!I81 -> 2867.35 | ... M21: =[2]ICE!N81 -> 2719.1
A22: =[2]ICE!B82 -> Potencia Valle | B22: =[2]ICE!C82 -> 2722 | C22: =[2]ICE!D82 -> 2722 | D22: =[2]ICE!E82 -> 2722 | E22: =[2]ICE!F82 -> 2616.37 | F22: =[2]ICE!G82 -> 2616.37 | G22: =[2]ICE!H82 -> 2616.37 | H22: =[2]ICE!I82 -> 2867.35 | ... M22: =[2]ICE!N82 -> 2719.1
A23: =[2]ICE!B83 -> Potencia Noche | B23: =[2]ICE!C83 -> 0 | C23: =[2]ICE!D83 -> 0 | D23: =[2]ICE!E83 -> 0 | E23: =[2]ICE!F83 -> 0 | F23: =[2]ICE!G83 -> 0 | G23: =[2]ICE!H83 -> 0 | H23: =[2]ICE!I83 -> 0 | ... M23: =[2]ICE!N83 -> 0
A24: =[2]ICE!B84 -> VENTAS A ICE DISTRIBUCIÓN
A25: =[2]ICE!B85 -> T-CBA
A26: =[2]ICE!B86 -> Energía Punta | B26: =[2]ICE!C86 -> 49.22 | C26: =[2]ICE!D86 -> 49.22 | D26: =[2]ICE!E86 -> 49.22
A27: =[2]ICE!B87 -> Energía Valle | B27: =[2]ICE!C87 -> 40.32 | C27: =[2]ICE!D87 -> 40.32 | D27: =[2]ICE!E87 -> 40.32
A28: =[2]ICE!B88 -> Energía Noche | B28: =[2]ICE!C88 -> 34.24 | C28: =[2]ICE!D88 -> 34.24 | D28: =[2]ICE!E88 -> 34.24
A29: =[2]ICE!B89 -> Potencia Punta | B29: =[2]ICE!C89 -> 2610.46 | C29: =[2]ICE!D89 -> 2610.46 | D29: =[2]ICE!E89 -> 2610.46
A30: =[2]ICE!B90 -> Potencia Valle | B30: =[2]ICE!C90 -> 2610.46 | C30: =[2]ICE!D90 -> 2610.46 | D30: =[2]ICE!E90 -> 2610.46
A31: =[2]ICE!B91 -> Potencia Noche | B31: =[2]ICE!C91 -> 0 | C31: =[2]ICE!D91 -> 0 | D31: =[2]ICE!E91 -> 0
A32: =[2]ICE!B92 -> VENTAS A LA CNFL
A33: =[2]ICE!B93 -> T-CBB
A34: =[2]ICE!B94 -> Energía Punta | B34: =[2]ICE!C94 -> 51.33 | C34: =[2]ICE!D94 -> 51.33 | D34: =[2]ICE!E94 -> 51.33
A35: =[2]ICE!B95 -> Energía Valle | B35: =[2]ICE!C95 -> 42.04 | C35: =[2]ICE!D95 -> 42.04 | D35: =[2]ICE!E95 -> 42.04
A36: =[2]ICE!B96 -> Energía Noche | B36: =[2]ICE!C96 -> 35.7 | C36: =[2]ICE!D96 -> 35.7 | D36: =[2]ICE!E96 -> 35.7
A37: =[2]ICE!B97 -> Potencia Punta | B37: =[2]ICE!C97 -> 2722 | C37: =[2]ICE!D97 -> 2722 | D37: =[2]ICE!E97 -> 2722
A38: =[2]ICE!B98 -> Potencia Valle | B38: =[2]ICE!C98 -> 2722 | C38: =[2]ICE!D98 -> 2722 | D38: =[2]ICE!E98 -> 2722
A39: =[2]ICE!B99 -> Potencia Noche | B39: =[2]ICE!C99 -> 0 | C39: =[2]ICE!D99 -> 0 | D39: =[2]ICE!E99 -> 0
A40: =[2]ICE!B100 -> USUARIOS DIRECTOS
A41: =[2]ICE!B101 -> T-UD
A42: =[2]ICE!B102 -> Energía Punta | B42: =[2]ICE!C102 -> 0.058 | C42: =[2]ICE!D102 -> 0.058 | D42: =[2]ICE!E102 -> 0.058 | E42: =[2]ICE!F102 -> 0.057 | F42: =[2]ICE!G102 -> 0.057 | G42: =[2]ICE!H102 -> 0.057 | H42: =[2]ICE!I102 -> 0.064 | ... M42: =[2]ICE!N102 -> 0.061
A43: =[2]ICE!B103 -> Energía Valle | B43: =[2]ICE!C103 -> 0.048 | C43: =[2]ICE!D103 -> 0.048 | D43: =[2]ICE!E103 -> 0.048 | E43: =[2]ICE!F103 -> 0.047 | F43: =[2]ICE!G103 -> 0.047 | G43: =[2]ICE!H103 -> 0.047 | H43: =[2]ICE!I103 -> 0.054 | ... M43: =[2]ICE!N103 -> 0.051
A44: =[2]ICE!B104 -> Energía Noche | B44: =[2]ICE!C104 -> 0.042 | C44: =[2]ICE!D104 -> 0.042 | D44: =[2]ICE!E104 -> 0.042 | E44: =[2]ICE!F104 -> 0.041 | F44: =[2]ICE!G104 -> 0.041 | G44: =[2]ICE!H104 -> 0.041 | H44: =[2]ICE!I104 -> 0.043 | ... M44: =[2]ICE!N104 -> 0.041
A45: =[2]ICE!B105 -> Potencia Punta | B45: =[2]ICE!C105 -> 3.112 | C45: =[2]ICE!D105 -> 3.112 | D45: =[2]ICE!E105 -> 3.112 | E45: =[2]ICE!F105 -> 3.043 | F45: =[2]ICE!G105 -> 3.043 | G45: =[2]ICE!H105 -> 3.043 | H45: =[2]ICE!I105 -> 3.331 | ... M45: =[2]ICE!N105 -> 3.159
A46: =[2]ICE!B106 -> Potencia Valle | B46: =[2]ICE!C106 -> 3.112 | C46: =[2]ICE!D106 -> 3.112 | D46: =[2]ICE!E106 -> 3.112 | E46: =[2]ICE!F106 -> 3.043 | F46: =[2]ICE!G106 -> 3.043 | G46: =[2]ICE!H106 -> 3.043 | H46: =[2]ICE!I106 -> 3.331 | ... M46: =[2]ICE!N106 -> 3.159
A47: =[2]ICE!B107 -> Potencia Noche | B47: =[2]ICE!C107 -> 0 | C47: =[2]ICE!D107 -> 0 | D47: =[2]ICE!E107 -> 0 | E47: =[2]ICE!F107 -> 0 | F47: =[2]ICE!G107 -> 0 | G47: =[2]ICE!H107 -> 0 | H47: =[2]ICE!I107 -> 0 | ... M47: =[2]ICE!N107 -> 0
A48: Fuente: Autoridad Reguladora de los Servicios Públicos
A49: * Las tarifas pueden diferir del valor puntual de los pliegos pues la tabla muestra el promedio del mes, y de existir dos o más tarifas que estuvieron vigentes, se realiza un promedio ponderado por la cantidad de días.
A57: Tabla 2
A58: Tarifas del servicio de distribución eléctrica y alumbrado público prestado por el ICE para el año 2016, según el mes y el tipo de tarifa respectivo.
A59: =[2]ICE!B7 -> Tipo de tarifa y bloque | C59: =[2]ICE!D7 -> Febrero | D59: =[2]ICE!E7 -> Marzo | E59: =[2]ICE!F7 -> Abril | F59: =[2]ICE!G7 -> Mayo | G59: =[2]ICE!H7 -> Junio | H59: =[2]ICE!I7 -> Julio | I59: =[2]ICE!J7 -> Agosto | J59: =[2]ICE!K7 -> Septiembre | ... M59: =[2]ICE!N7 -> Diciembre
A60: =[2]ICE!B8 -> RESIDENCIAL
A61: =[2]ICE!B9 -> T-RE
A62: =[2]ICE!B10 -> Bloque 0-30 kWh | B62: =[2]ICE!C10 -> 0 | C62: =[2]ICE!D10 -> 0 | D62: =[2]ICE!E10 -> 0 | E62: =[2]ICE!F10 -> 2325.9 | F62: =[2]ICE!G10 -> 2325.9 | G62: =[2]ICE!H10 -> 2325.9 | H62: =[2]ICE!I10 -> 2453.4 | ... M62: =[2]ICE!N10 -> 2375.4
A63: =[2]ICE!B11 -> Bloque 31-200 kWh | B63: =[2]ICE!C11 -> 79.26 | C63: =[2]ICE!D11 -> 79.26 | D63: =[2]ICE!E11 -> 79.26 | E63: =[2]ICE!F11 -> 77.53 | F63: =[2]ICE!G11 -> 77.53 | G63: =[2]ICE!H11 -> 77.53 | H63: =[2]ICE!I11 -> 81.78 | ... M63: =[2]ICE!N11 -> 79.18
A64: =[2]ICE!B12 -> Bloque mayor a 200 kWh | B64: =[2]ICE!C12 -> 142.88 | C64: =[2]ICE!D12 -> 142.88 | D64: =[2]ICE!E12 -> 142.88 | E64: =[2]ICE!F12 -> 139.76 | F64: =[2]ICE!G12 -> 139.76 | G64: =[2]ICE!H12 -> 139.76 | H64: =[2]ICE!I12 -> 147.42 | ... M64: =[2]ICE!N12 -> 142.71
A65: =[2]ICE!B13 -> GENERAL
A66: =[2]ICE!B14 -> T-GE
A67: =[2]ICE!B15 -> Consumo de Energía ≤ 3000 kWh | B67: =[2]ICE!C15 -> 119.39 | C67: =[2]ICE!D15 -> 119.39 | D67: =[2]ICE!E15 -> 119.39 | E67: =[2]ICE!F15 -> 116.78 | F67: =[2]ICE!G15 -> 116.78 | G67: =[2]ICE!H15 -> 116.78
A68: =[2]ICE!B16 -> Bloque 0-3000 kWh | B68: =[2]ICE!C16 -> 214290 | C68: =[2]ICE!D16 -> 214290 | D68: =[2]ICE!E16 -> 214290
A69: =[2]ICE!B17 -> Consumo de Energía cada kWh | B69: =[2]ICE!C17 -> 71.43 | C69: =[2]ICE!D17 -> 71.43 | D69: =[2]ICE!E17 -> 71.43 | E69: =[2]ICE!F17 -> 69.87 | F69: =[2]ICE!G17 -> 69.87 | G69: =[2]ICE!H17 -> 69.87
A70: =[2]ICE!B18 -> Consumo de Potencia cada kW | B70: =[2]ICE!C18 -> 11808.29 | C70: =[2]ICE!D18 -> 11808.29 | D70: =[2]ICE!E18 -> 11808.29 | E70: =[2]ICE!F18 -> 11550.88 | F70: =[2]ICE!G18 -> 11550.88 | G70: =[2]ICE!H18 -> 11550.88
A71: =[2]ICE!B19 -> COMERCIOS Y SERVICIOS
A72: =[2]ICE!B20 -> T-CO
A73: =[2]ICE!B21 -> Consumo de Energía ≤ 3000 kWh | H73: =[2]ICE!I21 -> 123.18 | I73: =[2]ICE!J21 -> 123.18 | J73: =[2]ICE!K21 -> 123.18 | K73: =[2]ICE!L21 -> 119.25 | L73: =[2]ICE!M21 -> 119.25 | M73: =[2]ICE!N21 -> 119.25
A74: =[2]ICE!B22 -> Consumo de Energía cada kWh | H74: =[2]ICE!I22 -> 73.71 | I74: =[2]ICE!J22 -> 73.71 | J74: =[2]ICE!K22 -> 73.71 | K74: =[2]ICE!L22 -> 71.36 | L74: =[2]ICE!M22 -> 71.36 | M74: =[2]ICE!N22 -> 71.36
A75: =[2]ICE!B23 -> Consumo de Potencia cada kW | H75: =[2]ICE!I23 -> 12184.85 | I75: =[2]ICE!J23 -> 12184.85 | J75: =[2]ICE!K23 -> 12184.85 | K75: =[2]ICE!L23 -> 11796.23 | L75: =[2]ICE!M23 -> 11796.23 | M75: =[2]ICE!N23 -> 11796.23
A76: =[2]ICE!B24 -> INDUSTRIAL
A77: =[2]ICE!B25 -> T-IN
A78: =[2]ICE!B26 -> Consumo de Energía ≤ 3000 kWh | H78: =[2]ICE!I26 -> 123.18 | I78: =[2]ICE!J26 -> 123.18 | J78: =[2]ICE!K26 -> 123.18 | K78: =[2]ICE!L26 -> 119.25 | L78: =[2]ICE!M26 -> 119.25 | M78: =[2]ICE!N26 -> 119.25
A79: =[2]ICE!B27 -> Consumo de Energía cada kWh | H79: =[2]ICE!I27 -> 73.71 | I79: =[2]ICE!J27 -> 73.71 | J79: =[2]ICE!K27 -> 73.71 | K79: =[2]ICE!L27 -> 71.36 | L79: =[2]ICE!M27 -> 71.36 | M79: =[2]ICE!N27 -> 71.36
A80: =[2]ICE!B28 -> Consumo de Potencia cada kW | H80: =[2]ICE!I28 -> 12184.85 | I80: =[2]ICE!J28 -> 12184.85 | J80: =[2]ICE!K28 -> 12184.85 | K80: =[2]ICE!L28 -> 11796.23 | L80: =[2]ICE!M28 -> 11796.23 | M80: =[2]ICE!N28 -> 11796.23
A81: =[2]ICE!B29 -> PREFERENCIAL
A82: =[2]ICE!B30 -> T-CS
A83: =[2]ICE!B31 -> Consumo de Energía ≤ 3000 kWh | B83: =[2]ICE!C31 -> 80.24 | C83: =[2]ICE!D31 -> 80.24 | D83: =[2]ICE!E31 -> 80.24 | E83: =[2]ICE!F31 -> 78.49 | F83: =[2]ICE!G31 -> 78.49 | G83: =[2]ICE!H31 -> 78.49 | H83: =[2]ICE!I31 -> 82.8 | ... M83: =[2]ICE!N31 -> 80.16
A84: =[2]ICE!B32 -> Bloque 0-3000 kWh | B84: =[2]ICE!C32 -> 143850 | C84: =[2]ICE!D32 -> 143850 | D84: =[2]ICE!E32 -> 143850 | E84: =[2]ICE!F32 -> 0 | F84: =[2]ICE!G32 -> 0 | G84: =[2]ICE!H32 -> 0 | H84: =[2]ICE!I32 -> 0 | ... M84: =[2]ICE!N32 -> 0
A85: =[2]ICE!B33 -> Consumo de Energía cada kWh | B85: =[2]ICE!C33 -> 47.95 | C85: =[2]ICE!D33 -> 47.95 | D85: =[2]ICE!E33 -> 47.95 | E85: =[2]ICE!F33 -> 46.9 | F85: =[2]ICE!G33 -> 46.9 | G85: =[2]ICE!H33 -> 46.9 | H85: =[2]ICE!I33 -> 49.48 | ... M85: =[2]ICE!N33 -> 47.9
A86: =[2]ICE!B34 -> Consumo de Potencia cada kW | B86: =[2]ICE!C34 -> 7733.56 | C86: =[2]ICE!D34 -> 7733.56 | D86: =[2]ICE!E34 -> 7733.56 | E86: =[2]ICE!F34 -> 7564.98 | F86: =[2]ICE!G34 -> 7564.98 | G86: =[2]ICE!H34 -> 7564.98 | H86: =[2]ICE!I34 -> 7980.18 | ... M86: =[2]ICE!N34 -> 7725.67
A87: =[2]ICE!B35 -> MEDIA TENSIÓN (T-MT)
A88: =[2]ICE!B36 -> T-MT
A89: =[2]ICE!B37 -> Energía Punta | B89: =[2]ICE!C37 -> 68.5 | C89: =[2]ICE!D37 -> 68.5 | D89: =[2]ICE!E37 -> 68.5 | E89: =[2]ICE!F37 -> 67.01 | F89: =[2]ICE!G37 -> 67.01 | G89: =[2]ICE!H37 -> 67.01 | H89: =[2]ICE!I37 -> 70.68 | ... M89: =[2]ICE!N37 -> 68.42
A90: =[2]ICE!B38 -> Energía Valle | B90: =[2]ICE!C38 -> 25.45 | C90: =[2]ICE!D38 -> 25.45 | D90: =[2]ICE!E38 -> 25.45 | E90: =[2]ICE!F38 -> 24.9 | F90: =[2]ICE!G38 -> 24.9 | G90: =[2]ICE!H38 -> 24.9 | H90: =[2]ICE!I38 -> 26.25 | ... M90: =[2]ICE!N38 -> 25.41
A91: =[2]ICE!B39 -> Energía Noche | B91: =[2]ICE!C39 -> 15.66 | C91: =[2]ICE!D39 -> 15.66 | D91: =[2]ICE!E39 -> 15.66 | E91: =[2]ICE!F39 -> 15.31 | F91: =[2]ICE!G39 -> 15.31 | G91: =[2]ICE!H39 -> 15.31 | H91: =[2]ICE!I39 -> 16.15 | ... M91: =[2]ICE!N39 -> 15.64
A92: =[2]ICE!B40 -> Potencia Punta | B92: =[2]ICE!C40 -> 11115.47 | C92: =[2]ICE!D40 -> 11115.47 | D92: =[2]ICE!E40 -> 11115.47 | E92: =[2]ICE!F40 -> 10873.17 | F92: =[2]ICE!G40 -> 10873.17 | G92: =[2]ICE!H40 -> 10873.17 | H92: =[2]ICE!I40 -> 11469.94 | ... M92: =[2]ICE!N40 -> 11104.12
A93: =[2]ICE!B41 -> Potencia Valle | B93: =[2]ICE!C41 -> 7760.96 | C93: =[2]ICE!D41 -> 7760.96 | D93: =[2]ICE!E41 -> 7760.96 | E93: =[2]ICE!F41 -> 7591.78 | F93: =[2]ICE!G41 -> 7591.78 | G93: =[2]ICE!H41 -> 7591.78 | H93: =[2]ICE!I41 -> 8008.46 | ... M93: =[2]ICE!N41 -> 7753.04
A94: =[2]ICE!B42 -> Potencia Noche | B94: =[2]ICE!C42 -> 4971.09 | C94: =[2]ICE!D42 -> 4971.09 | D94: =[2]ICE!E42 -> 4971.09 | E94: =[2]ICE!F42 -> 4862.73 | F94: =[2]ICE!G42 -> 4862.73 | G94: =[2]ICE!H42 -> 4862.73 | H94: =[2]ICE!I42 -> 5129.61 | ... M94: =[2]ICE!N42 -> 4966.01
A95: =[2]ICE!B43 -> MEDIA TENSIÓN (T-MTb)
A96: =[2]ICE!B44 -> T-MTB
A97: =[2]ICE!B45 -> Energía Punta | B97: =[2]ICE!C45 -> 0.099 | C97: =[2]ICE!D45 -> 0.099 | D97: =[2]ICE!E45 -> 0.099 | E97: =[2]ICE!F45 -> 0.195 | F97: =[2]ICE!G45 -> 0.195 | G97: =[2]ICE!H45 -> 0.195 | H97: =[2]ICE!I45 -> 0.195 | ... M97: =[2]ICE!N45 -> 0.195
A98: =[2]ICE!B46 -> Energía Valle | B98: =[2]ICE!C46 -> 0.035 | C98: =[2]ICE!D46 -> 0.035 | D98: =[2]ICE!E46 -> 0.035 | E98: =[2]ICE!F46 -> 0.067 | F98: =[2]ICE!G46 -> 0.067 | G98: =[2]ICE!H46 -> 0.067 | H98: =[2]ICE!I46 -> 0.067 | ... M98: =[2]ICE!N46 -> 0.067
A99: =[2]ICE!B47 -> Energía Noche | B99: =[2]ICE!C47 -> 0.022 | C99: =[2]ICE!D47 -> 0.022 | D99: =[2]ICE!E47 -> 0.022 | E99: =[2]ICE!F47 -> 0.043 | F99: =[2]ICE!G47 -> 0.043 | G99: =[2]ICE!H47 -> 0.043 | H99: =[2]ICE!I47 -> 0.043 | ... M99: =[2]ICE!N47 -> 0.043
A100: =[2]ICE!B48 -> Potencia Punta | B100: =[2]ICE!C48 -> 15.729 | C100: =[2]ICE!D48 -> 15.729 | D100: =[2]ICE!E48 -> 15.729 | E100: =[2]ICE!F48 -> 5.727 | F100: =[2]ICE!G48 -> 5.727 | G100: =[2]ICE!H48 -> 5.727 | H100: =[2]ICE!I48 -> 5.727 | ... M100: =[2]ICE!N48 -> 5.727
A101: =[2]ICE!B49 -> Potencia Valle | B101: =[2]ICE!C49 -> 10.978 | C101: =[2]ICE!D49 -> 10.978 | D101: =[2]ICE!E49 -> 10.978 | E101: =[2]ICE!F49 -> 3.998 | F101: =[2]ICE!G49 -> 3.998 | G101: =[2]ICE!H49 -> 3.998 | H101: =[2]ICE!I49 -> 3.998 | ... M101: =[2]ICE!N49 -> 3.998
A102: =[2]ICE!B50 -> Potencia Noche | B102: =[2]ICE!C50 -> 7.037 | C102: =[2]ICE!D50 -> 7.037 | D102: =[2]ICE!E50 -> 7.037 | E102: =[2]ICE!F50 -> 2.562 | F102: =[2]ICE!G50 -> 2.562 | G102: =[2]ICE!H50 -> 2.562 | H102: =[2]ICE!I50 -> 2.562 | ... M102: =[2]ICE!N50 -> 2.562
A103: =[2]ICE!B51 -> ALUMBRADO PÚBLICO
A104: =[2]ICE!B52 -> T-AP
A105: =[2]ICE!B53 -> Cada KWh | B105: =[2]ICE!C53 -> 4.56 | C105: =[2]ICE!D53 -> 4.56 | D105: =[2]ICE!E53 -> 4.56 | E105: =[2]ICE!F53 -> 4.56 | F105: =[2]ICE!G53 -> 4.56 | G105: =[2]ICE!H53 -> 4.56 | H105: =[2]ICE!I53 -> 4.56 | ... M105: =[2]ICE!N53 -> 4.56
A106: =[2]ICE!B54 -> Tarifa de acceso
A107: =[2]ICE!B55 -> T-TA
A108: =[2]ICE!B56 -> Consumo de Energía cada kWh | E108: =[2]ICE!F56 -> 28.3 | F108: =[2]ICE!G56 -> 28.3 | G108: =[2]ICE!H56 -> 28.3 | H108: =[2]ICE!I56 -> 28.3 | I108: =[2]ICE!J56 -> 28.3 | J108: =[2]ICE!K56 -> 28.3 | K108: =[2]ICE!L56 -> 28.3 | L108: =[2]ICE!M56 -> 28.3 | M108: =[2]ICE!N56 -> 28.3

Sheet CNFL 2016
A5: Tabla 3
A6: Tarifas del servicio de distribución eléctrica y alumbrado público prestado por la CNFL para el año 2016, según el mes y el tipo de tarifa respectivo.
A7: =[2]CNFL!B7 -> Tipo de tarifa y bloque | B7: =[2]CNFL!C7 -> Enero | C7: =[2]CNFL!D7 -> Febrero | D7: =[2]CNFL!E7 -> Marzo | E7: =[2]CNFL!F7 -> Abril | F7: =[2]CNFL!G7 -> Mayo | G7: =[2]CNFL!H7 -> Junio | H7: =[2]CNFL!I7 -> Julio | ... M7: =[2]CNFL!N7 -> Diciembre
A8: =[2]CNFL!B8 -> RESIDENCIAL
A9: =[2]CNFL!B9 -> T-RE
A10: =[2]CNFL!B10 -> Bloque 0-30 kWh | E10: =[2]CNFL!F10 -> 2177.7 | F10: =[2]CNFL!G10 -> 2177.7 | G10: =[2]CNFL!H10 -> 2177.7 | H10: =[2]CNFL!I10 -> 2274.6 | I10: =[2]CNFL!J10 -> 2274.6 | J10: =[2]CNFL!K10 -> 2274.6 | K10: =[2]CNFL!L10 -> 2212.2 | L10: =[2]CNFL!M10 -> 2212.2 | M10: =[2]CNFL!N10 -> 2212.2
A11: =[2]CNFL!B11 -> Bloque 31-200 kWh | B11: =[2]CNFL!C11 -> 69.45 | C11: =[2]CNFL!D11 -> 69.45 | D11: =[2]CNFL!E11 -> 69.45 | E11: =[2]CNFL!F11 -> 72.59 | F11: =[2]CNFL!G11 -> 72.59 | G11: =[2]CNFL!H11 -> 72.59 | H11: =[2]CNFL!I11 -> 75.82 | ... M11: =[2]CNFL!N11 -> 73.74
A12: =[2]CNFL!B12 -> Bloque 201-300 kWh | B12: =[2]CNFL!C12 -> 106.56 | C12: =[2]CNFL!D12 -> 106.56 | D12: =[2]CNFL!E12 -> 106.56 | E12: =[2]CNFL!F12 -> 111.37 | F12: =[2]CNFL!G12 -> 111.37 | G12: =[2]CNFL!H12 -> 111.37 | H12: =[2]CNFL!I12 -> 116.34 | ... M12: =[2]CNFL!N12 -> 113.15
A13: =[2]CNFL!B13 -> Bloque mayor a 300 kWh | B13: =[2]CNFL!C13 -> 110.16 | C13: =[2]CNFL!D13 -> 110.16 | D13: =[2]CNFL!E13 -> 110.16 | E13: =[2]CNFL!F13 -> 115.14 | F13: =[2]CNFL!G13 -> 115.14 | G13: =[2]CNFL!H13 -> 115.14 | H13: =[2]CNFL!I13 -> 120.26 | ... M13: =[2]CNFL!N13 -> 116.97
A14: =[2]CNFL!B14 -> Residencial horaria
A15: =[2]CNFL!B15 -> T-REH
A16: =[2]CNFL!B16 -> Bloque 0-300 KWh Valle | B16: =[2]CNFL!C16 -> 61.06 | C16: =[2]CNFL!D16 -> 61.06 | D16: =[2]CNFL!E16 -> 61.06 | E16: =[2]CNFL!F16 -> 63.83 | F16: =[2]CNFL!G16 -> 63.83 | G16: =[2]CNFL!H16 -> 63.83 | H16: =[2]CNFL!I16 -> 66.67 | ... M16: =[2]CNFL!N16 -> 64.84
A17: =[2]CNFL!B17 -> Bloque 0-300 KWh Noche | B17: =[2]CNFL!C17 -> 25.15 | C17: =[2]CNFL!D17 -> 25.15 | D17: =[2]CNFL!E17 -> 25.15 | E17: =[2]CNFL!F17 -> 26.29 | F17: =[2]CNFL!G17 -> 26.29 | G17: =[2]CNFL!H17 -> 26.29 | H17: =[2]CNFL!I17 -> 27.47 | ... M17: =[2]CNFL!N17 -> 26.71
A18: =[2]CNFL!B18 -> Bloque 301-500 KWh Valle | B18: =[2]CNFL!C18 -> 68.25 | C18: =[2]CNFL!D18 -> 68.25 | D18: =[2]CNFL!E18 -> 68.25 | E18: =[2]CNFL!F18 -> 71.33 | F18: =[2]CNFL!G18 -> 71.33 | G18: =[2]CNFL!H18 -> 71.33 | H18: =[2]CNFL!I18 -> 74.51 | ... M18: =[2]CNFL!N18 -> 72.47
A19: =[2]CNFL!B19 -> Bloque 301-500 KWh Noche | B19: =[2]CNFL!C19 -> 28.73 | C19: =[2]CNFL!D19 -> 28.73 | D19: =[2]CNFL!E19 -> 28.73 | E19: =[2]CNFL!F19 -> 30.03 | F19: =[2]CNFL!G19 -> 30.03 | G19: =[2]CNFL!H19 -> 30.03 | H19: =[2]CNFL!I19 -> 31.38 | ... M19: =[2]CNFL!N19 -> 30.52
A20: =[2]CNFL!B20 -> Bloque mayor a 500 KWh Noche | B20: =[2]CNFL!C20 -> 37.12 | C20: =[2]CNFL!D20 -> 37.12 | D20: =[2]CNFL!E20 -> 37.12 | E20: =[2]CNFL!F20 -> 38.8 | F20: =[2]CNFL!G20 -> 38.8 | G20: =[2]CNFL!H20 -> 38.8 | H20: =[2]CNFL!I20 -> 40.52 | ... M20: =[2]CNFL!N20 -> 39.41
A21: =[2]CNFL!B21 -> Bloque 0-300 KWh Punta | B21: =[2]CNFL!C21 -> 147.28 | C21: =[2]CNFL!D21 -> 147.28 | D21: =[2]CNFL!E21 -> 147.28 | E21: =[2]CNFL!F21 -> 153.95 | F21: =[2]CNFL!G21 -> 153.95 | G21: =[2]CNFL!H21 -> 153.95 | H21: =[2]CNFL!I21 -> 160.78 | ... M21: =[2]CNFL!N21 -> 156.38
A22: =[2]CNFL!B22 -> Bloque 301-500 KWh Punta | B22: =[2]CNFL!C22 -> 167.62 | C22: =[2]CNFL!D22 -> 167.62 | D22: =[2]CNFL!E22 -> 167.62 | E22: =[2]CNFL!F22 -> 175.2 | F22: =[2]CNFL!G22 -> 175.2 | G22: =[2]CNFL!H22 -> 175.2 | H22: =[2]CNFL!I22 -> 182.99 | ... M22: =[2]CNFL!N22 -> 177.98
A23: =[2]CNFL!B23 -> Bloque mayor a 500 KWh Punta | B23: =[2]CNFL!C23 -> 198.76 | C23: =[2]CNFL!D23 -> 198.76 | D23: =[2]CNFL!E23 -> 198.76 | E23: =[2]CNFL!F23 -> 207.75 | F23: =[2]CNFL!G23 -> 207.75 | G23: =[2]CNFL!H23 -> 207.75 | H23: =[2]CNFL!I23 -> 216.99 | ... M23: =[2]CNFL!N23 -> 211.05
A24: =[2]CNFL!B24 -> Bloque mayor a 500 KWh Valle | B24: =[2]CNFL!C24 -> 80.22 | C24: =[2]CNFL!D24 -> 80.22 | D24: =[2]CNFL!E24 -> 80.22 | E24: =[2]CNFL!F24 -> 83.84 | F24: =[2]CNFL!G24 -> 83.84 | G24: =[2]CNFL!H24 -> 83.84 | H24: =[2]CNFL!I24 -> 87.57 | ... M24: =[2]CNFL!N24 -> 85.18
A25: =[2]CNFL!B25 -> GENERAL
A26: =[2]CNFL!B26 -> T-GE
A27: =[2]CNFL!B27 -> Consumo de Energía ≤ 3000 kWh | B27: =[2]CNFL!C27 -> 117.34 | C27: =[2]CNFL!D27 -> 117.34 | D27: =[2]CNFL!E27 -> 117.34 | E27: =[2]CNFL!F27 -> 122.64 | F27: =[2]CNFL!G27 -> 122.64 | G27: =[2]CNFL!H27 -> 122.64
A28: =[2]CNFL!B28 -> Bloque 0-3000 kWh | B28: =[2]CNFL!C28 -> 211920 | C28: =[2]CNFL!D28 -> 211920 | D28: =[2]CNFL!E28 -> 211920 | E28: =[2]CNFL!F28 -> 221490 | F28: =[2]CNFL!G28 -> 221490 | G28: =[2]CNFL!H28 -> 221490
A29: =[2]CNFL!B29 -> Bloque mayor a 3000 kWh | B29: =[2]CNFL!C29 -> 70.64 | C29: =[2]CNFL!D29 -> 70.64 | D29: =[2]CNFL!E29 -> 70.64 | E29: =[2]CNFL!F29 -> 73.83 | F29: =[2]CNFL!G29 -> 73.83 | G29: =[2]CNFL!H29 -> 73.83
A30: =[2]CNFL!B30 -> Bloque 0-8 kW | B30: =[2]CNFL!C30 -> 88470 | C30: =[2]CNFL!D30 -> 88470 | D30: =[2]CNFL!E30 -> 88470 | E30: =[2]CNFL!F30 -> 92469.36 | F30: =[2]CNFL!G30 -> 92469.36 | G30: =[2]CNFL!H30 -> 92469.36
A31: =[2]CNFL!B31 -> Bloque mayor a 8 kW | B31: =[2]CNFL!C31 -> 11058.75 | C31: =[2]CNFL!D31 -> 11058.75 | D31: =[2]CNFL!E31 -> 11058.75 | E31: =[2]CNFL!F31 -> 11558.67 | F31: =[2]CNFL!G31 -> 11558.67 | G31: =[2]CNFL!H31 -> 11558.67
A32: =[2]CNFL!B32 -> COMERCIOS Y SERVICIOS
A33: =[2]CNFL!B33 -> T-CO
A34: =[2]CNFL!B34 -> Consumo de Energía ≤ 3000 kWh | H34: =[2]CNFL!I34 -> 128.09 | I34: =[2]CNFL!J34 -> 128.09 | J34: =[2]CNFL!K34 -> 128.09 | K34: =[2]CNFL!L34 -> 124.59 | L34: =[2]CNFL!M34 -> 124.59 | M34: =[2]CNFL!N34 -> 124.59
A35: =[2]CNFL!B35 -> Bloque 0-3000 kWh | H35: =[2]CNFL!I35 -> 231360 | I35: =[2]CNFL!J35 -> 231360 | J35: =[2]CNFL!K35 -> 231360 | K35: =[2]CNFL!L35 -> 225030 | L35: =[2]CNFL!M35 -> 225030 | M35: =[2]CNFL!N35 -> 225030
A36: =[2]CNFL!B36 -> Bloque mayor a 3000 kWh | H36: =[2]CNFL!I36 -> 77.12 | I36: =[2]CNFL!J36 -> 77.12 | J36: =[2]CNFL!K36 -> 77.12 | K36: =[2]CNFL!L36 -> 75.01 | L36: =[2]CNFL!M36 -> 75.01 | M36: =[2]CNFL!N36 -> 75.01
A37: =[2]CNFL!B37 -> Bloque 0-8 kW | H37: =[2]CNFL!I37 -> 96583.76 | I37: =[2]CNFL!J37 -> 96583.76 | J37: =[2]CNFL!K37 -> 96583.76 | K37: =[2]CNFL!L37 -> 93940.24 | L37: =[2]CNFL!M37 -> 93940.24 | M37: =[2]CNFL!N37 -> 93940.24
A38: =[2]CNFL!B38 -> Bloque mayor a 8 kW | H38: =[2]CNFL!I38 -> 12072.97 | I38: =[2]CNFL!J38 -> 12072.97 | J38: =[2]CNFL!K38 -> 12072.97 | K38: =[2]CNFL!L38 -> 11742.53 | L38: =[2]CNFL!M38 -> 11742.53 | M38: =[2]CNFL!N38 -> 11742.53
A39: =[2]CNFL!B39 -> INDUSTRIAL
A40: =[2]CNFL!B40 -> T-IN
A41: =[2]CNFL!B41 -> Consumo de Energía ≤ 3000 kWh | H41: =[2]CNFL!I41 -> 128.09 | I41: =[2]CNFL!J41 -> 128.09 | J41: =[2]CNFL!K41 -> 128.09 | K41: =[2]CNFL!L41 -> 124.59 | L41: =[2]CNFL!M41 -> 124.59 | M41: =[2]CNFL!N41 -> 124.59
A42: =[2]CNFL!B42 -> Bloque 0-3000 kWh | H42: =[2]CNFL!I42 -> 231360 | I42: =[2]CNFL!J42 -> 231360 | J42: =[2]CNFL!K42 -> 231360 | K42: =[2]CNFL!L42 -> 225030 | L42: =[2]CNFL!M42 -> 225030 | M42: =[2]CNFL!N42 -> 225030
A43: =[2]CNFL!B43 -> Bloque mayor a 3000 kWh | H43: =[2]CNFL!I43 -> 77.12 | I43: =[2]CNFL!J43 -> 77.12 | J43: =[2]CNFL!K43 -> 77.12 | K43: =[2]CNFL!L43 -> 75.01 | L43: =[2]CNFL!M43 -> 75.01 | M43: =[2]CNFL!N43 -> 75.01
A44: =[2]CNFL!B44 -> Bloque 0-8 kW | H44: =[2]CNFL!I44 -> 96583.76 | I44: =[2]CNFL!J44 -> 96583.76 | J44: =[2]CNFL!K44 -> 96583.76 | K44: =[2]CNFL!L44 -> 93940.24 | L44: =[2]CNFL!M44 -> 93940.24 | M44: =[2]CNFL!N44 -> 93940.24
A45: =[2]CNFL!B45 -> Bloque mayor a 8 kW | H45: =[2]CNFL!I45 -> 12072.97 | I45: =[2]CNFL!J45 -> 12072.97 | J45: =[2]CNFL!K45 -> 12072.97 | K45: =[2]CNFL!L45 -> 11742.53 | L45: =[2]CNFL!M45 -> 11742.53 | M45: =[2]CNFL!N45 -> 11742.53
A46: =[2]CNFL!B46 -> PREFERENCIAL
A47: =[2]CNFL!B47 -> T-CS
A48: =[2]CNFL!B48 -> Consumo de Energía ≤ 3000 kWh | B48: =[2]CNFL!C48 -> 79.03 | C48: =[2]CNFL!D48 -> 79.03 | D48: =[2]CNFL!E48 -> 79.03 | E48: =[2]CNFL!F48 -> 82.6 | F48: =[2]CNFL!G48 -> 82.6 | G48: =[2]CNFL!H48 -> 82.6 | H48: =[2]CNFL!I48 -> 86.27 | ... M48: =[2]CNFL!N48 -> 83.9
A49: =[2]CNFL!B49 -> Bloque 0-3000 kWh | B49: =[2]CNFL!C49 -> 136470 | C49: =[2]CNFL!D49 -> 136470 | D49: =[2]CNFL!E49 -> 136470 | E49: =[2]CNFL!F49 -> 142650 | F49: =[2]CNFL!G49 -> 142650 | G49: =[2]CNFL!H49 -> 142650 | H49: =[2]CNFL!I49 -> 149010 | ... M49: =[2]CNFL!N49 -> 144930
A50: =[2]CNFL!B50 -> Bloque mayor a 3000 kWh | B50: =[2]CNFL!C50 -> 45.49 | C50: =[2]CNFL!D50 -> 45.49 | D50: =[2]CNFL!E50 -> 45.49 | E50: =[2]CNFL!F50 -> 47.55 | F50: =[2]CNFL!G50 -> 47.55 | G50: =[2]CNFL!H50 -> 47.55 | H50: =[2]CNFL!I50 -> 49.67 | ... M50: =[2]CNFL!N50 -> 48.31
A51: =[2]CNFL!B51 -> Bloque 0-8 kW | B51: =[2]CNFL!C51 -> 58938.48 | C51: =[2]CNFL!D51 -> 58938.48 | D51: =[2]CNFL!E51 -> 58938.48 | E51: =[2]CNFL!F51 -> 61602.88 | F51: =[2]CNFL!G51 -> 61602.88 | G51: =[2]CNFL!H51 -> 61602.88 | H51: =[2]CNFL!I51 -> 64343.92 | ... M51: =[2]CNFL!N51 -> 62582.72
A52: =[2]CNFL!B52 -> Bloque mayor a 8 kW | B52: =[2]CNFL!C52 -> 7367.31 | C52: =[2]CNFL!D52 -> 7367.31 | D52: =[2]CNFL!E52 -> 7367.31 | E52: =[2]CNFL!F52 -> 7700.36 | F52: =[2]CNFL!G52 -> 7700.36 | G52: =[2]CNFL!H52 -> 7700.36 | H52: =[2]CNFL!I52 -> 8042.99 | ... M52: =[2]CNFL!N52 -> 7822.84
A53: =[2]CNFL!B53 -> MEDIA TENSIÓN (T-MT)
A54: =[2]CNFL!B54 -> T-MT
A55: =[2]CNFL!B55 -> Energía Punta | B55: =[2]CNFL!C55 -> 59.87 | C55: =[2]CNFL!D55 -> 59.87 | D55: =[2]CNFL!E55 -> 59.87 | E55: =[2]CNFL!F55 -> 62.58 | F55: =[2]CNFL!G55 -> 62.58 | G55: =[2]CNFL!H55 -> 62.58 | H55: =[2]CNFL!I55 -> 65.36 | ... M55: =[2]CNFL!N55 -> 63.57
A56: =[2]CNFL!B56 -> Energía Valle | B56: =[2]CNFL!C56 -> 29.94 | C56: =[2]CNFL!D56 -> 29.94 | D56: =[2]CNFL!E56 -> 29.94 | E56: =[2]CNFL!F56 -> 31.28 | F56: =[2]CNFL!G56 -> 31.28 | G56: =[2]CNFL!H56 -> 31.28 | H56: =[2]CNFL!I56 -> 32.68 | ... M56: =[2]CNFL!N56 -> 31.79
A57: =[2]CNFL!B57 -> Energía Noche | B57: =[2]CNFL!C57 -> 21.55 | C57: =[2]CNFL!D57 -> 21.55 | D57: =[2]CNFL!E57 -> 21.55 | E57: =[2]CNFL!F57 -> 22.52 | F57: =[2]CNFL!G57 -> 22.52 | G57: =[2]CNFL!H57 -> 22.52 | H57: =[2]CNFL!I57 -> 23.53 | ... M57: =[2]CNFL!N57 -> 22.89
A58: =[2]CNFL!B58 -> Potencia Punta | B58: =[2]CNFL!C58 -> 10497.19 | C58: =[2]CNFL!D58 -> 10497.19 | D58: =[2]CNFL!E58 -> 10497.19 | E58: =[2]CNFL!F58 -> 10971.72 | F58: =[2]CNFL!G58 -> 10971.72 | G58: =[2]CNFL!H58 -> 10971.72 | H58: =[2]CNFL!I58 -> 11459.91 | ... M58: =[2]CNFL!N58 -> 11146.24
A59: =[2]CNFL!B59 -> Potencia Valle | B59: =[2]CNFL!C59 -> 7469.08 | C59: =[2]CNFL!D59 -> 7469.08 | D59: =[2]CNFL!E59 -> 7469.08 | E59: =[2]CNFL!F59 -> 7806.73 | F59: =[2]CNFL!G59 -> 7806.73 | G59: =[2]CNFL!H59 -> 7806.73 | H59: =[2]CNFL!I59 -> 8154.09 | ... M59: =[2]CNFL!N59 -> 7930.91
A60: =[2]CNFL!B60 -> Potencia Noche | B60: =[2]CNFL!C60 -> 4741.52 | C60: =[2]CNFL!D60 -> 4741.52 | D60: =[2]CNFL!E60 -> 4741.52 | E60: =[2]CNFL!F60 -> 4955.86 | F60: =[2]CNFL!G60 -> 4955.86 | G60: =[2]CNFL!H60 -> 4955.86 | H60: =[2]CNFL!I60 -> 5176.38 | ... M60: =[2]CNFL!N60 -> 5034.7
A61: =[2]CNFL!B61 -> MEDIA TENSIÓN (T-MTb)
A62: =[2]CNFL!B62 -> T-MTB
A63: =[2]CNFL!B63 -> Energía Punta | E63: =[2]CNFL!F63 -> 0.195 | F63: =[2]CNFL!G63 -> 0.195 | G63: =[2]CNFL!H63 -> 0.195 | H63: =[2]CNFL!I63 -> 0.195 | I63: =[2]CNFL!J63 -> 0.195 | J63: =[2]CNFL!K63 -> 0.195 | K63: =[2]CNFL!L63 -> 0.195 | L63: =[2]CNFL!M63 -> 0.195 | M63: =[2]CNFL!N63 -> 0.195
A64: =[2]CNFL!B64 -> Energía Valle | E64: =[2]CNFL!F64 -> 0.067 | F64: =[2]CNFL!G64 -> 0.067 | G64: =[2]CNFL!H64 -> 0.067 | H64: =[2]CNFL!I64 -> 0.067 | I64: =[2]CNFL!J64 -> 0.067 | J64: =[2]CNFL!K64 -> 0.067 | K64: =[2]CNFL!L64 -> 0.067 | L64: =[2]CNFL!M64 -> 0.067 | M64: =[2]CNFL!N64 -> 0.067
A65: =[2]CNFL!B65 -> Energía Noche | E65: =[2]CNFL!F65 -> 0.043 | F65: =[2]CNFL!G65 -> 0.043 | G65: =[2]CNFL!H65 -> 0.043 | H65: =[2]CNFL!I65 -> 0.043 | I65: =[2]CNFL!J65 -> 0.043 | J65: =[2]CNFL!K65 -> 0.043 | K65: =[2]CNFL!L65 -> 0.043 | L65: =[2]CNFL!M65 -> 0.043 | M65: =[2]CNFL!N65 -> 0.043
A66: =[2]CNFL!B66 -> Potencia Punta | E66: =[2]CNFL!F66 -> 5.727 | F66: =[2]CNFL!G66 -> 5.727 | G66: =[2]CNFL!H66 -> 5.727 | H66: =[2]CNFL!I66 -> 5.727 | I66: =[2]CNFL!J66 -> 5.727 | J66: =[2]CNFL!K66 -> 5.727 | K66: =[2]CNFL!L66 -> 5.727 | L66: =[2]CNFL!M66 -> 5.727 | M66: =[2]CNFL!N66 -> 5.727
A67: =[2]CNFL!B67 -> Potencia Valle | E67: =[2]CNFL!F67 -> 3.998 | F67: =[2]CNFL!G67 -> 3.998 | G67: =[2]CNFL!H67 -> 3.998 | H67: =[2]CNFL!I67 -> 3.998 | I67: =[2]CNFL!J67 -> 3.998 | J67: =[2]CNFL!K67 -> 3.998 | K67: =[2]CNFL!L67 -> 3.998 | L67: =[2]CNFL!M67 -> 3.998 | M67: =[2]CNFL!N67 -> 3.998
A68: =[2]CNFL!B68 -> Potencia Noche | E68: =[2]CNFL!F68 -> 2.562 | F68: =[2]CNFL!G68 -> 2.562 | G68: =[2]CNFL!H68 -> 2.562 | H68: =[2]CNFL!I68 -> 2.562 | I68: =[2]CNFL!J68 -> 2.562 | J68: =[2]CNFL!K68 -> 2.562 | K68: =[2]CNFL!L68 -> 2.562 | L68: =[2]CNFL!M68 -> 2.562 | M68: =[2]CNFL!N68 -> 2.562
A69: =[2]CNFL!B69 -> ALUMBRADO PÚBLICO
A70: =[2]CNFL!B70 -> T-AP
A71: =[2]CNFL!B71 -> Cada KWh | B71: =[2]CNFL!C71 -> 3.44 | C71: =[2]CNFL!D71 -> 3.44 | D71: =[2]CNFL!E71 -> 3.44 | E71: =[2]CNFL!F71 -> 3.51 | F71: =[2]CNFL!G71 -> 3.51 | G71: =[2]CNFL!H71 -> 3.51 | H71: =[2]CNFL!I71 -> 3.51 | ... M71: =[2]CNFL!N71 -> 3.51
A72: =[2]CNFL!B72 -> Tarifa de acceso
A73: =[2]CNFL!B73 -> T-TA
A74: =[2]CNFL!B74 -> Consumo de Energía cada kWh | E74: =[2]CNFL!F74 -> 18 | F74: =[2]CNFL!G74 -> 18 | G74: =[2]CNFL!H74 -> 18 | H74: =[2]CNFL!I74 -> 18 | I74: =[2]CNFL!J74 -> 18 | J74: =[2]CNFL!K74 -> 18 | K74: =[2]CNFL!L74 -> 18 | L74: =[2]CNFL!M74 -> 18 | M74: =[2]CNFL!N74 -> 18
A75: Fuente: Autoridad Reguladora de los Servicios Públicos
A76: * Las tarifas pueden diferir del valor puntual de los pliegos pues la tabla muestra el promedio del mes, y de existir dos o más tarifas que estuvieron vigentes, se realiza un promedio ponderado por la cantidad de días.
A84: Tabla 4
A85: Tarifas del servicio de generación eléctrica prestado por la CNFL para el año 2016, según el mes y el tipo de tarifa respectivo.
A86: =[2]CNFL!B108 -> º | B86: =[2]CNFL!C108 -> Enero | C86: =[2]CNFL!D108 -> Febrero | D86: =[2]CNFL!E108 -> Marzo | E86: =[2]CNFL!F108 -> Abril | F86: =[2]CNFL!G108 -> Mayo | G86: =[2]CNFL!H108 -> Junio | H86: =[2]CNFL!I108 -> Julio | ... M86: =[2]CNFL!N108 -> Diciembre
A87: =[2]CNFL!B109 -> VENTAS AL SERVICIO DE DISTRIBUCIÓN
A88: =[2]CNFL!B110 -> T-SD
A89: =[2]CNFL!B111 -> Energía Punta | B89: =[2]CNFL!C111 -> 48.06 | C89: =[2]CNFL!D111 -> 48.06 | D89: =[2]CNFL!E111 -> 48.06 | E89: =[2]CNFL!F111 -> 50.37 | F89: =[2]CNFL!G111 -> 50.37 | G89: =[2]CNFL!H111 -> 50.37 | H89: =[2]CNFL!I111 -> 50.37 | ... M89: =[2]CNFL!N111 -> 50.37
A90: =[2]CNFL!B112 -> Energía Valle | B90: =[2]CNFL!C112 -> 39.12 | C90: =[2]CNFL!D112 -> 39.12 | D90: =[2]CNFL!E112 -> 39.12 | E90: =[2]CNFL!F112 -> 41 | F90: =[2]CNFL!G112 -> 41 | G90: =[2]CNFL!H112 -> 41 | H90: =[2]CNFL!I112 -> 41 | ... M90: =[2]CNFL!N112 -> 41
A91: =[2]CNFL!B113 -> Energía Noche | B91: =[2]CNFL!C113 -> 33.36 | C91: =[2]CNFL!D113 -> 33.36 | D91: =[2]CNFL!E113 -> 33.36 | E91: =[2]CNFL!F113 -> 34.96 | F91: =[2]CNFL!G113 -> 34.96 | G91: =[2]CNFL!H113 -> 34.96 | H91: =[2]CNFL!I113 -> 34.96 | ... M91: =[2]CNFL!N113 -> 34.96
A92: =[2]CNFL!B114 -> Potencia Punta | B92: =[2]CNFL!C114 -> 2961.14 | C92: =[2]CNFL!D114 -> 2961.14 | D92: =[2]CNFL!E114 -> 2961.14 | E92: =[2]CNFL!F114 -> 3103.07 | F92: =[2]CNFL!G114 -> 3103.07 | G92: =[2]CNFL!H114 -> 3103.07 | H92: =[2]CNFL!I114 -> 3103.07 | ... M92: =[2]CNFL!N114 -> 3103.07
A93: =[2]CNFL!B115 -> Potencia Valle | B93: =[2]CNFL!C115 -> 2961.14 | C93: =[2]CNFL!D115 -> 2961.14 | D93: =[2]CNFL!E115 -> 2961.14 | E93: =[2]CNFL!F115 -> 3103.07 | F93: =[2]CNFL!G115 -> 3103.07 | G93: =[2]CNFL!H115 -> 3103.07 | H93: =[2]CNFL!I115 -> 3103.07 | ... M93: =[2]CNFL!N115 -> 3103.07
A94: =[2]CNFL!B116 -> Potencia Noche | B94: =[2]CNFL!C116 -> 0 | C94: =[2]CNFL!D116 -> 0 | D94: =[2]CNFL!E116 -> 0 | E94: =[2]CNFL!F116 -> 0 | F94: =[2]CNFL!G116 -> 0 | G94: =[2]CNFL!H116 -> 0 | H94: =[2]CNFL!I116 -> 0 | ... M94: =[2]CNFL!N116 -> 0

Sheet JASEC 2016
A4: Tabla 5
A5: Tarifas del servicio de distribución eléctrica y alumbrado público prestado por JASEC para el año 2016, según el mes y el tipo de tarifa respectivo.
A6: =[2]JASEC!B7 -> Tipo de tarifa y bloque | B6: =[2]JASEC!C7 -> Enero | C6: =[2]JASEC!D7 -> Febrero | D6: =[2]JASEC!E7 -> Marzo | E6: =[2]JASEC!F7 -> Abril | F6: =[2]JASEC!G7 -> Mayo | G6: =[2]JASEC!H7 -> Junio | H6: =[2]JASEC!I7 -> Julio | ... M6: =[2]JASEC!N7 -> Diciembre
A7: =[2]JASEC!B8 -> RESIDENCIAL
A8: =[2]JASEC!B9 -> T-RE
A9: =[2]JASEC!B10 -> Bloque 0-30 kWh | E9: =[2]JASEC!F10 -> 2207.4 | F9: =[2]JASEC!G10 -> 2207.4 | G9: =[2]JASEC!H10 -> 2207.4 | H9: =[2]JASEC!I10 -> 2268.9 | I9: =[2]JASEC!J10 -> 2268.9 | J9: =[2]JASEC!K10 -> 2268.9 | K9: =[2]JASEC!L10 -> 2212.5 | L9: =[2]JASEC!M10 -> 2212.5 | M9: =[2]JASEC!N10 -> 2212.5
A10: =[2]JASEC!B11 -> Bloque 31-200 kWh | B10: =[2]JASEC!C11 -> 73.5 | C10: =[2]JASEC!D11 -> 73.5 | D10: =[2]JASEC!E11 -> 73.5 | E10: =[2]JASEC!F11 -> 73.58 | F10: =[2]JASEC!G11 -> 73.58 | G10: =[2]JASEC!H11 -> 73.58 | H10: =[2]JASEC!I11 -> 75.63 | ... M10: =[2]JASEC!N11 -> 73.75
A11: =[2]JASEC!B12 -> Bloque mayor a 200 kWh | B11: =[2]JASEC!C12 -> 89.98 | C11: =[2]JASEC!D12 -> 89.98 | D11: =[2]JASEC!E12 -> 89.98 | E11: =[2]JASEC!F12 -> 90.07 | F11: =[2]JASEC!G12 -> 90.07 | G11: =[2]JASEC!H12 -> 90.07 | H11: =[2]JASEC!I12 -> 92.58 | ... M11: =[2]JASEC!N12 -> 90.27
A12: =[2]JASEC!B13 -> GENERAL
A13: =[2]JASEC!B14 -> T-GE
A14: =[2]JASEC!B15 -> Consumo de Energía ≤ 3000 kWh | B14: =[2]JASEC!C15 -> 103.92 | C14: =[2]JASEC!D15 -> 103.92 | D14: =[2]JASEC!E15 -> 103.92 | E14: =[2]JASEC!F15 -> 104.03 | F14: =[2]JASEC!G15 -> 104.03 | G14: =[2]JASEC!H15 -> 104.03
A15: =[2]JASEC!B16 -> Bloque 0-3000 kWh | B15: =[2]JASEC!C16 -> 186300 | C15: =[2]JASEC!D16 -> 186300 | D15: =[2]JASEC!E16 -> 186300 | E15: =[2]JASEC!F16 -> 186480 | F15: =[2]JASEC!G16 -> 186480 | G15: =[2]JASEC!H16 -> 186480
A16: =[2]JASEC!B17 -> Bloque mayor a 3000 kWh | B16: =[2]JASEC!C17 -> 62.1 | C16: =[2]JASEC!D17 -> 62.1 | D16: =[2]JASEC!E17 -> 62.1 | E16: =[2]JASEC!F17 -> 62.16 | F16: =[2]JASEC!G17 -> 62.16 | G16: =[2]JASEC!H17 -> 62.16
A17: =[2]JASEC!B18 -> Bloque 0-8 kW | B17: =[2]JASEC!C18 -> 77721.84 | C17: =[2]JASEC!D18 -> 77721.84 | D17: =[2]JASEC!E18 -> 77721.84 | E17: =[2]JASEC!F18 -> 77802 | F17: =[2]JASEC!G18 -> 77802 | G17: =[2]JASEC!H18 -> 77802
A18: =[2]JASEC!B19 -> Bloque mayor a 8 kW | B18: =[2]JASEC!C19 -> 9715.23 | C18: =[2]JASEC!D19 -> 9715.23 | D18: =[2]JASEC!E19 -> 9715.23 | E18: =[2]JASEC!F19 -> 9725.25 | F18: =[2]JASEC!G19 -> 9725.25 | G18: =[2]JASEC!H19 -> 9725.25
A19: =[2]JASEC!B20 -> COMERCIOS Y SERVICIOS
A20: =[2]JASEC!B21 -> T-CO
A21: =[2]JASEC!B22 -> Consumo de Energía ≤ 3000 kWh | H21: =[2]JASEC!I22 -> 106.94 | I21: =[2]JASEC!J22 -> 106.94 | J21: =[2]JASEC!K22 -> 106.94 | K21: =[2]JASEC!L22 -> 104.27 | L21: =[2]JASEC!M22 -> 104.27 | M21: =[2]JASEC!N22 -> 104.27
A22: =[2]JASEC!B23 -> Bloque 0-3000 kWh | H22: =[2]JASEC!I23 -> 191670 | I22: =[2]JASEC!J23 -> 191670 | J22: =[2]JASEC!K23 -> 191670 | K22: =[2]JASEC!L23 -> 186900 | L22: =[2]JASEC!M23 -> 186900 | M22: =[2]JASEC!N23 -> 186900
A23: =[2]JASEC!B24 -> Bloque mayor a 3000 kWh | H23: =[2]JASEC!I24 -> 63.89 | I23: =[2]JASEC!J24 -> 63.89 | J23: =[2]JASEC!K24 -> 63.89 | K23: =[2]JASEC!L24 -> 62.3 | L23: =[2]JASEC!M24 -> 62.3 | M23: =[2]JASEC!N24 -> 62.3
A24: =[2]JASEC!B25 -> Bloque 0-8 kW | H24: =[2]JASEC!I25 -> 79974.72 | I24: =[2]JASEC!J25 -> 79974.72 | J24: =[2]JASEC!K25 -> 79974.72 | K24: =[2]JASEC!L25 -> 77980.96 | L24: =[2]JASEC!M25 -> 77980.96 | M24: =[2]JASEC!N25 -> 77980.96
A25: =[2]JASEC!B26 -> Bloque mayor a 8 kW | H25: =[2]JASEC!I26 -> 9996.84 | I25: =[2]JASEC!J26 -> 9996.84 | J25: =[2]JASEC!K26 -> 9996.84 | K25: =[2]JASEC!L26 -> 9747.62 | L25: =[2]JASEC!M26 -> 9747.62 | M25: =[2]JASEC!N26 -> 9747.62
A26: =[2]JASEC!B27 -> INDUSTRIAL
A27: =[2]JASEC!B28 -> T-IN
A28: =[2]JASEC!B29 -> Consumo de Energía ≤ 3000 kWh | H28: =[2]JASEC!I29 -> 106.94 | I28: =[2]JASEC!J29 -> 106.94 | J28: =[2]JASEC!K29 -> 106.94 | K28: =[2]JASEC!L29 -> 104.27 | L28: =[2]JASEC!M29 -> 104.27 | M28: =[2]JASEC!N29 -> 104.27
A29: =[2]JASEC!B30 -> Bloque 0-3000 kWh | H29: =[2]JASEC!I30 -> 191670 | I29: =[2]JASEC!J30 -> 191670 | J29: =[2]JASEC!K30 -> 191670 | K29: =[2]JASEC!L30 -> 186900 | L29: =[2]JASEC!M30 -> 186900 | M29: =[2]JASEC!N30 -> 186900
A30: =[2]JASEC!B31 -> Bloque mayor a 3000 kWh | H30: =[2]JASEC!I31 -> 63.89 | I30: =[2]JASEC!J31 -> 63.89 | J30: =[2]JASEC!K31 -> 63.89 | K30: =[2]JASEC!L31 -> 62.3 | L30: =[2]JASEC!M31 -> 62.3 | M30: =[2]JASEC!N31 -> 62.3
A31: =[2]JASEC!B32 -> Bloque 0-8 kW | H31: =[2]JASEC!I32 -> 79974.72 | I31: =[2]JASEC!J32 -> 79974.72 | J31: =[2]JASEC!K32 -> 79974.72 | K31: =[2]JASEC!L32 -> 77980.96 | L31: =[2]JASEC!M32 -> 77980.96 | M31: =[2]JASEC!N32 -> 77980.96
A32: =[2]JASEC!B33 -> Bloque mayor a 8 kW | H32: =[2]JASEC!I33 -> 9996.84 | I32: =[2]JASEC!J33 -> 9996.84 | J32: =[2]JASEC!K33 -> 9996.84 | K32: =[2]JASEC!L33 -> 9747.62 | L32: =[2]JASEC!M33 -> 9747.62 | M32: =[2]JASEC!N33 -> 9747.62
A33: =[2]JASEC!B34 -> PREFERENCIAL
A34: =[2]JASEC!B35 -> T-CS
A35: =[2]JASEC!B36 -> Consumo de Energía ≤ 3000 kWh | B35: =[2]JASEC!C36 -> 74.77 | C35: =[2]JASEC!D36 -> 74.77 | D35: =[2]JASEC!E36 -> 74.77 | E35: =[2]JASEC!F36 -> 74.85 | F35: =[2]JASEC!G36 -> 74.85 | G35: =[2]JASEC!H36 -> 74.85 | H35: =[2]JASEC!I36 -> 76.94 | ... M35: =[2]JASEC!N36 -> 75.03
A36: =[2]JASEC!B37 -> Bloque 0-3000 kWh | B36: =[2]JASEC!C37 -> 129240 | C36: =[2]JASEC!D37 -> 129240 | D36: =[2]JASEC!E37 -> 129240 | E36: =[2]JASEC!F37 -> 129360 | F36: =[2]JASEC!G37 -> 129360 | G36: =[2]JASEC!H37 -> 129360 | H36: =[2]JASEC!I37 -> 132960 | ... M36: =[2]JASEC!N37 -> 129660
A37: =[2]JASEC!B38 -> Bloque mayor a 3000 kWh | B37: =[2]JASEC!C38 -> 43.08 | C37: =[2]JASEC!D38 -> 43.08 | D37: =[2]JASEC!E38 -> 43.08 | E37: =[2]JASEC!F38 -> 43.12 | F37: =[2]JASEC!G38 -> 43.12 | G37: =[2]JASEC!H38 -> 43.12 | H37: =[2]JASEC!I38 -> 44.32 | ... M37: =[2]JASEC!N38 -> 43.22
A38: =[2]JASEC!B39 -> Bloque 0-8 kW | B38: =[2]JASEC!C39 -> 52233.6 | C38: =[2]JASEC!D39 -> 52233.6 | D38: =[2]JASEC!E39 -> 52233.6 | E38: =[2]JASEC!F39 -> 52287.52 | F38: =[2]JASEC!G39 -> 52287.52 | G38: =[2]JASEC!H39 -> 52287.52 | H38: =[2]JASEC!I39 -> 53747.76 | ... M38: =[2]JASEC!N39 -> 52407.84
A39: =[2]JASEC!B40 -> Bloque mayor a 8 kW | B39: =[2]JASEC!C40 -> 6529.2 | C39: =[2]JASEC!D40 -> 6529.2 | D39: =[2]JASEC!E40 -> 6529.2 | E39: =[2]JASEC!F40 -> 6535.94 | F39: =[2]JASEC!G40 -> 6535.94 | G39: =[2]JASEC!H40 -> 6535.94 | H39: =[2]JASEC!I40 -> 6718.47 | ... M39: =[2]JASEC!N40 -> 6550.98
A40: =[2]JASEC!B41 -> MEDIA TENSIÓN (T-MT)
A41: =[2]JASEC!B42 -> T-MT
A42: =[2]JASEC!B43 -> Energía Punta | B42: =[2]JASEC!C43 -> 57.03 | C42: =[2]JASEC!D43 -> 57.03 | D42: =[2]JASEC!E43 -> 57.03 | E42: =[2]JASEC!F43 -> 57.08 | F42: =[2]JASEC!G43 -> 57.08 | G42: =[2]JASEC!H43 -> 57.08 | H42: =[2]JASEC!I43 -> 58.68 | ... M42: =[2]JASEC!N43 -> 57.22
A43: =[2]JASEC!B44 -> Energía Valle | B43: =[2]JASEC!C44 -> 27.88 | C43: =[2]JASEC!D44 -> 27.88 | D43: =[2]JASEC!E44 -> 27.88 | E43: =[2]JASEC!F44 -> 27.91 | F43: =[2]JASEC!G44 -> 27.91 | G43: =[2]JASEC!H44 -> 27.91 | H43: =[2]JASEC!I44 -> 28.69 | ... M43: =[2]JASEC!N44 -> 27.97
A44: =[2]JASEC!B45 -> Energía Noche | B44: =[2]JASEC!C45 -> 19.01 | C44: =[2]JASEC!D45 -> 19.01 | D44: =[2]JASEC!E45 -> 19.01 | E44: =[2]JASEC!F45 -> 19.02 | F44: =[2]JASEC!G45 -> 19.02 | G44: =[2]JASEC!H45 -> 19.02 | H44: =[2]JASEC!I45 -> 19.55 | ... M44: =[2]JASEC!N45 -> 19.06
A45: =[2]JASEC!B46 -> Potencia Punta | B45: =[2]JASEC!C46 -> 10037.12 | C45: =[2]JASEC!D46 -> 10037.12 | D45: =[2]JASEC!E46 -> 10037.12 | E45: =[2]JASEC!F46 -> 10047.47 | F45: =[2]JASEC!G46 -> 10047.47 | G45: =[2]JASEC!H46 -> 10047.47 | H45: =[2]JASEC!I46 -> 10328.06 | ... M45: =[2]JASEC!N46 -> 10070.59
A46: =[2]JASEC!B47 -> Potencia Valle | B46: =[2]JASEC!C47 -> 7197.07 | C46: =[2]JASEC!D47 -> 7197.07 | D46: =[2]JASEC!E47 -> 7197.07 | E46: =[2]JASEC!F47 -> 7204.49 | F46: =[2]JASEC!G47 -> 7204.49 | G46: =[2]JASEC!H47 -> 7204.49 | H46: =[2]JASEC!I47 -> 7405.69 | ... M46: =[2]JASEC!N47 -> 7221.07
A47: =[2]JASEC!B48 -> Potencia Noche | B47: =[2]JASEC!C48 -> 4923.51 | C47: =[2]JASEC!D48 -> 4923.51 | D47: =[2]JASEC!E48 -> 4923.51 | E47: =[2]JASEC!F48 -> 4928.6 | F47: =[2]JASEC!G48 -> 4928.6 | G47: =[2]JASEC!H48 -> 4928.6 | H47: =[2]JASEC!I48 -> 5066.24 | ... M47: =[2]JASEC!N48 -> 4939.94
A48: =[2]JASEC!B49 -> MEDIA TENSIÓN (T-MTb)
A49: =[2]JASEC!B50 -> T-MTB
A50: =[2]JASEC!B51 -> Energía Punta | E50: =[2]JASEC!F51 -> 0.195 | F50: =[2]JASEC!G51 -> 0.195 | G50: =[2]JASEC!H51 -> 0.195 | H50: =[2]JASEC!I51 -> 0.195 | I50: =[2]JASEC!J51 -> 0.195 | J50: =[2]JASEC!K51 -> 0.195 | K50: =[2]JASEC!L51 -> 0.195 | L50: =[2]JASEC!M51 -> 0.195 | M50: =[2]JASEC!N51 -> 0.195
A51: =[2]JASEC!B52 -> Energía Valle | E51: =[2]JASEC!F52 -> 0.067 | F51: =[2]JASEC!G52 -> 0.067 | G51: =[2]JASEC!H52 -> 0.067 | H51: =[2]JASEC!I52 -> 0.067 | I51: =[2]JASEC!J52 -> 0.067 | J51: =[2]JASEC!K52 -> 0.067 | K51: =[2]JASEC!L52 -> 0.067 | L51: =[2]JASEC!M52 -> 0.067 | M51: =[2]JASEC!N52 -> 0.067
A52: =[2]JASEC!B53 -> Energía Noche | E52: =[2]JASEC!F53 -> 0.043 | F52: =[2]JASEC!G53 -> 0.043 | G52: =[2]JASEC!H53 -> 0.043 | H52: =[2]JASEC!I53 -> 0.043 | I52: =[2]JASEC!J53 -> 0.043 | J52: =[2]JASEC!K53 -> 0.043 | K52: =[2]JASEC!L53 -> 0.043 | L52: =[2]JASEC!M53 -> 0.043 | M52: =[2]JASEC!N53 -> 0.043
A53: =[2]JASEC!B54 -> Potencia Punta | E53: =[2]JASEC!F54 -> 5.727 | F53: =[2]JASEC!G54 -> 5.727 | G53: =[2]JASEC!H54 -> 5.727 | H53: =[2]JASEC!I54 -> 5.727 | I53: =[2]JASEC!J54 -> 5.727 | J53: =[2]JASEC!K54 -> 5.727 | K53: =[2]JASEC!L54 -> 5.727 | L53: =[2]JASEC!M54 -> 5.727 | M53: =[2]JASEC!N54 -> 5.727
A54: =[2]JASEC!B55 -> Potencia Valle | E54: =[2]JASEC!F55 -> 3.998 | F54: =[2]JASEC!G55 -> 3.998 | G54: =[2]JASEC!H55 -> 3.998 | H54: =[2]JASEC!I55 -> 3.998 | I54: =[2]JASEC!J55 -> 3.998 | J54: =[2]JASEC!K55 -> 3.998 | K54: =[2]JASEC!L55 -> 3.998 | L54: =[2]JASEC!M55 -> 3.998 | M54: =[2]JASEC!N55 -> 3.998
A55: =[2]JASEC!B56 -> Potencia Noche | E55: =[2]JASEC!F56 -> 2.562 | F55: =[2]JASEC!G56 -> 2.562 | G55: =[2]JASEC!H56 -> 2.562 | H55: =[2]JASEC!I56 -> 2.562 | I55: =[2]JASEC!J56 -> 2.562 | J55: =[2]JASEC!K56 -> 2.562 | K55: =[2]JASEC!L56 -> 2.562 | L55: =[2]JASEC!M56 -> 2.562 | M55: =[2]JASEC!N56 -> 2.562
A56: =[2]JASEC!B57 -> ALUMBRADO PÚBLICO
A57: =[2]JASEC!B58 -> T-AP
A58: =[2]JASEC!B59 -> Cada KWh | B58: =[2]JASEC!C59 -> 3.06 | C58: =[2]JASEC!D59 -> 3.06 | D58: =[2]JASEC!E59 -> 3.06 | E58: =[2]JASEC!F59 -> 3.06 | F58: =[2]JASEC!G59 -> 3.06 | G58: =[2]JASEC!H59 -> 3.06 | H58: =[2]JASEC!I59 -> 3.06 | ... M58: =[2]JASEC!N59 -> 3.06
A59: =[2]JASEC!B60 -> Tarifa de acceso
A60: =[2]JASEC!B61 -> T-TA
A61: =[2]JASEC!B62 -> Consumo de Energía cada kWh | E61: =[2]JASEC!F62 -> 14.6 | F61: =[2]JASEC!G62 -> 14.6 | G61: =[2]JASEC!H62 -> 14.6 | H61: =[2]JASEC!I62 -> 14.6 | I61: =[2]JASEC!J62 -> 14.6 | J61: =[2]JASEC!K62 -> 14.6 | K61: =[2]JASEC!L62 -> 14.6 | L61: =[2]JASEC!M62 -> 14.6 | M61: =[2]JASEC!N62 -> 14.6
A62: Fuente: Autoridad Reguladora de los Servicios Públicos
A63: * Las tarifas pueden diferir del valor puntual de los pliegos pues la tabla muestra el promedio del mes, y de existir dos o más tarifas que estuvieron vigentes, se realiza un promedio ponderado por la cantidad de días.
A71: Tabla 6
A72: Tarifas del servicio de generación eléctrica prestado por JASEC para el año 2016, según el mes y el tipo de tarifa respectivo.
A73: =[2]JASEC!B97 -> º | B73: =[2]JASEC!C97 -> Enero | C73: =[2]JASEC!D97 -> Febrero | D73: =[2]JASEC!E97 -> Marzo | E73: =[2]JASEC!F97 -> Abril | F73: =[2]JASEC!G97 -> Mayo | G73: =[2]JASEC!H97 -> Junio | H73: =[2]JASEC!I97 -> Julio | ... M73: =[2]JASEC!N97 -> Diciembre
A74: =[2]JASEC!B98 -> VENTAS AL SERVICIO DE DISTRIBUCIÓN
A75: =[2]JASEC!B99 -> T-SD
A76: =[2]JASEC!B100 -> Energía Punta | B76: =[2]JASEC!C100 -> 50.79 | C76: =[2]JASEC!D100 -> 50.79 | D76: =[2]JASEC!E100 -> 50.79 | E76: =[2]JASEC!F100 -> 50.79 | F76: =[2]JASEC!G100 -> 50.79 | G76: =[2]JASEC!H100 -> 50.79 | H76: =[2]JASEC!I100 -> 50.79 | ... M76: =[2]JASEC!N100 -> 50.79
A77: =[2]JASEC!B101 -> Energía Valle | B77: =[2]JASEC!C101 -> 41.29 | C77: =[2]JASEC!D101 -> 41.29 | D77: =[2]JASEC!E101 -> 41.29 | E77: =[2]JASEC!F101 -> 41.29 | F77: =[2]JASEC!G101 -> 41.29 | G77: =[2]JASEC!H101 -> 41.29 | H77: =[2]JASEC!I101 -> 41.29 | ... M77: =[2]JASEC!N101 -> 41.29
A78: =[2]JASEC!B102 -> Energía Noche | B78: =[2]JASEC!C102 -> 35.09 | C78: =[2]JASEC!D102 -> 35.09 | D78: =[2]JASEC!E102 -> 35.09 | E78: =[2]JASEC!F102 -> 35.09 | F78: =[2]JASEC!G102 -> 35.09 | G78: =[2]JASEC!H102 -> 35.09 | H78: =[2]JASEC!I102 -> 35.09 | ... M78: =[2]JASEC!N102 -> 35.09
A79: =[2]JASEC!B103 -> Potencia Punta | B79: =[2]JASEC!C103 -> 2877.55 | C79: =[2]JASEC!D103 -> 2877.55 | D79: =[2]JASEC!E103 -> 2877.55 | E79: =[2]JASEC!F103 -> 2877.55 | F79: =[2]JASEC!G103 -> 2877.55 | G79: =[2]JASEC!H103 -> 2877.55 | H79: =[2]JASEC!I103 -> 2877.55 | ... M79: =[2]JASEC!N103 -> 2877.55
A80: =[2]JASEC!B104 -> Potencia Valle | B80: =[2]JASEC!C104 -> 2877.55 | C80: =[2]JASEC!D104 -> 2877.55 | D80: =[2]JASEC!E104 -> 2877.55 | E80: =[2]JASEC!F104 -> 2877.55 | F80: =[2]JASEC!G104 -> 2877.55 | G80: =[2]JASEC!H104 -> 2877.55 | H80: =[2]JASEC!I104 -> 2877.55 | ... M80: =[2]JASEC!N104 -> 2877.55
A81: =[2]JASEC!B105 -> Potencia Noche | B81: =[2]JASEC!C105 -> 0 | C81: =[2]JASEC!D105 -> 0 | D81: =[2]JASEC!E105 -> 0 | E81: =[2]JASEC!F105 -> 0 | F81: =[2]JASEC!G105 -> 0 | G81: =[2]JASEC!H105 -> 0 | H81: =[2]JASEC!I105 -> 0 | ... M81: =[2]JASEC!N105 -> 0

Sheet ESPH 2016
A5: Tabla 7
A6: Tarifas del servicio de distribución eléctrica y alumbrado público prestado por ESPH para el año 2016, según el mes y el tipo de tarifa respectivo.
A7: =[2]ESPH!B7 -> Tipo de tarifa y bloque | B7: =[2]ESPH!C7 -> Enero | C7: =[2]ESPH!D7 -> Febrero | D7: =[2]ESPH!E7 -> Marzo | E7: =[2]ESPH!F7 -> Abril | F7: =[2]ESPH!G7 -> Mayo | G7: =[2]ESPH!H7 -> Junio | H7: =[2]ESPH!I7 -> Julio | ... M7: =[2]ESPH!N7 -> Diciembre
A8: =[2]ESPH!B8 -> RESIDENCIAL
A9: =[2]ESPH!B9 -> T-RE
A10: =[2]ESPH!B10 -> Bloque 0-30 kWh | E10: =[2]ESPH!F10 -> 1941 | F10: =[2]ESPH!G10 -> 1941 | G10: =[2]ESPH!H10 -> 1941 | H10: =[2]ESPH!I10 -> 2047.5 | I10: =[2]ESPH!J10 -> 2047.5 | J10: =[2]ESPH!K10 -> 2047.5 | K10: =[2]ESPH!L10 -> 1987.2 | L10: =[2]ESPH!M10 -> 1987.2 | M10: =[2]ESPH!N10 -> 1987.2
A11: =[2]ESPH!B11 -> Bloque 31-200 kWh | B11: =[2]ESPH!C11 -> 65.41 | C11: =[2]ESPH!D11 -> 65.41 | D11: =[2]ESPH!E11 -> 65.41 | E11: =[2]ESPH!F11 -> 64.7 | F11: =[2]ESPH!G11 -> 64.7 | G11: =[2]ESPH!H11 -> 64.7 | H11: =[2]ESPH!I11 -> 68.25 | ... M11: =[2]ESPH!N11 -> 66.24
A12: =[2]ESPH!B12 -> Bloque mayor a 200 kWh | B12: =[2]ESPH!C12 -> 84.57 | C12: =[2]ESPH!D12 -> 84.57 | D12: =[2]ESPH!E12 -> 84.57 | E12: =[2]ESPH!F12 -> 83.65 | F12: =[2]ESPH!G12 -> 83.65 | G12: =[2]ESPH!H12 -> 83.65 | H12: =[2]ESPH!I12 -> 88.25 | ... M12: =[2]ESPH!N12 -> 85.64
A13: =[2]ESPH!B13 -> GENERAL
A14: =[2]ESPH!B14 -> T-GE
A15: =[2]ESPH!B15 -> Consumo de Energía ≤ 3000 kWh | B15: =[2]ESPH!C15 -> 90.2 | C15: =[2]ESPH!D15 -> 90.2 | D15: =[2]ESPH!E15 -> 90.2 | E15: =[2]ESPH!F15 -> 89.23 | F15: =[2]ESPH!G15 -> 89.23 | G15: =[2]ESPH!H15 -> 89.23
A16: =[2]ESPH!B16 -> Bloque 0-3000 kWh | B16: =[2]ESPH!C16 -> 152220 | C16: =[2]ESPH!D16 -> 152220 | D16: =[2]ESPH!E16 -> 152220 | E16: =[2]ESPH!F16 -> 150570 | F16: =[2]ESPH!G16 -> 150570 | G16: =[2]ESPH!H16 -> 150570
A17: =[2]ESPH!B17 -> Bloque mayor a 3000 kWh | B17: =[2]ESPH!C17 -> 50.74 | C17: =[2]ESPH!D17 -> 50.74 | D17: =[2]ESPH!E17 -> 50.74 | E17: =[2]ESPH!F17 -> 50.19 | F17: =[2]ESPH!G17 -> 50.19 | G17: =[2]ESPH!H17 -> 50.19
A18: =[2]ESPH!B18 -> Bloque 0-10 kW | B18: =[2]ESPH!C18 -> 82390.2 | C18: =[2]ESPH!D18 -> 82390.2 | D18: =[2]ESPH!E18 -> 82390.2 | E18: =[2]ESPH!F18 -> 81499 | F18: =[2]ESPH!G18 -> 81499 | G18: =[2]ESPH!H18 -> 81499
A19: =[2]ESPH!B19 -> Bloque mayor a 10 kW | B19: =[2]ESPH!C19 -> 8239.02 | C19: =[2]ESPH!D19 -> 8239.02 | D19: =[2]ESPH!E19 -> 8239.02 | E19: =[2]ESPH!F19 -> 8149.9 | F19: =[2]ESPH!G19 -> 8149.9 | G19: =[2]ESPH!H19 -> 8149.9
A20: =[2]ESPH!B20 -> COMERCIOS Y SERVICIOS
A21: =[2]ESPH!B21 -> T-CO
A22: =[2]ESPH!B22 -> Consumo de Energía ≤ 3000 kWh | H22: =[2]ESPH!I22 -> 94.13 | I22: =[2]ESPH!J22 -> 94.13 | J22: =[2]ESPH!K22 -> 94.13 | K22: =[2]ESPH!L22 -> 91.35 | L22: =[2]ESPH!M22 -> 91.35 | M22: =[2]ESPH!N22 -> 91.35
A23: =[2]ESPH!B23 -> Bloque 0-3000 kWh | H23: =[2]ESPH!I23 -> 158850 | I23: =[2]ESPH!J23 -> 158850 | J23: =[2]ESPH!K23 -> 158850 | K23: =[2]ESPH!L23 -> 154170 | L23: =[2]ESPH!M23 -> 154170 | M23: =[2]ESPH!N23 -> 154170
A24: =[2]ESPH!B24 -> Bloque mayor a 3000 kWh | H24: =[2]ESPH!I24 -> 52.95 | I24: =[2]ESPH!J24 -> 52.95 | J24: =[2]ESPH!K24 -> 52.95 | K24: =[2]ESPH!L24 -> 51.39 | L24: =[2]ESPH!M24 -> 51.39 | M24: =[2]ESPH!N24 -> 51.39
A25: =[2]ESPH!B25 -> Bloque 0-10 kW | H25: =[2]ESPH!I25 -> 85976.1 | I25: =[2]ESPH!J25 -> 85976.1 | J25: =[2]ESPH!K25 -> 85976.1 | K25: =[2]ESPH!L25 -> 83440.3 | L25: =[2]ESPH!M25 -> 83440.3 | M25: =[2]ESPH!N25 -> 83440.3
A26: =[2]ESPH!B26 -> Bloque mayor a 10 kW | H26: =[2]ESPH!I26 -> 8597.61 | I26: =[2]ESPH!J26 -> 8597.61 | J26: =[2]ESPH!K26 -> 8597.61 | K26: =[2]ESPH!L26 -> 8344.03 | L26: =[2]ESPH!M26 -> 8344.03 | M26: =[2]ESPH!N26 -> 8344.03
A27: =[2]ESPH!B27 -> INDUSTRIAL
A28: =[2]ESPH!B28 -> T-IN
A29: =[2]ESPH!B29 -> Consumo de Energía ≤ 3000 kWh | H29: =[2]ESPH!I29 -> 94.13 | I29: =[2]ESPH!J29 -> 94.13 | J29: =[2]ESPH!K29 -> 94.13 | K29: =[2]ESPH!L29 -> 91.35 | L29: =[2]ESPH!M29 -> 91.35 | M29: =[2]ESPH!N29 -> 91.35
A30: =[2]ESPH!B30 -> Bloque 0-3000 kWh | H30: =[2]ESPH!I30 -> 158850 | I30: =[2]ESPH!J30 -> 158850 | J30: =[2]ESPH!K30 -> 158850 | K30: =[2]ESPH!L30 -> 154170 | L30: =[2]ESPH!M30 -> 154170 | M30: =[2]ESPH!N30 -> 154170
A31: =[2]ESPH!B31 -> Bloque mayor a 3000 kWh | H31: =[2]ESPH!I31 -> 52.95 | I31: =[2]ESPH!J31 -> 52.95 | J31: =[2]ESPH!K31 -> 52.95 | K31: =[2]ESPH!L31 -> 51.39 | L31: =[2]ESPH!M31 -> 51.39 | M31: =[2]ESPH!N31 -> 51.39
A32: =[2]ESPH!B32 -> Bloque 0-10 kW | H32: =[2]ESPH!I32 -> 85976.1 | I32: =[2]ESPH!J32 -> 85976.1 | J32: =[2]ESPH!K32 -> 85976.1 | K32: =[2]ESPH!L32 -> 83440.3 | L32: =[2]ESPH!M32 -> 83440.3 | M32: =[2]ESPH!N32 -> 83440.3
A33: =[2]ESPH!B33 -> Bloque mayor a 10 kW | H33: =[2]ESPH!I33 -> 8597.61 | I33: =[2]ESPH!J33 -> 8597.61 | J33: =[2]ESPH!K33 -> 8597.61 | K33: =[2]ESPH!L33 -> 8344.03 | L33: =[2]ESPH!M33 -> 8344.03 | M33: =[2]ESPH!N33 -> 8344.03
A34: =[2]ESPH!B34 -> PREFERENCIAL
A35: =[2]ESPH!B35 -> T-CS
A36: =[2]ESPH!B36 -> Consumo de Energía ≤ 3000 kWh | B36: =[2]ESPH!C36 -> 65.41 | C36: =[2]ESPH!D36 -> 65.41 | D36: =[2]ESPH!E36 -> 65.41 | E36: =[2]ESPH!F36 -> 64.7 | F36: =[2]ESPH!G36 -> 64.7 | G36: =[2]ESPH!H36 -> 64.7 | H36: =[2]ESPH!I36 -> 68.25 | ... M36: =[2]ESPH!N36 -> 66.24
A37: =[2]ESPH!B37 -> Bloque 0-3000 kWh | B37: =[2]ESPH!C37 -> 135300 | C37: =[2]ESPH!D37 -> 135300 | D37: =[2]ESPH!E37 -> 135300 | E37: =[2]ESPH!F37 -> 133830 | F37: =[2]ESPH!G37 -> 133830 | G37: =[2]ESPH!H37 -> 133830 | H37: =[2]ESPH!I37 -> 141210 | ... M37: =[2]ESPH!N37 -> 137040
A38: =[2]ESPH!B38 -> Bloque mayor a 3000 kWh | B38: =[2]ESPH!C38 -> 45.1 | C38: =[2]ESPH!D38 -> 45.1 | D38: =[2]ESPH!E38 -> 45.1 | E38: =[2]ESPH!F38 -> 44.61 | F38: =[2]ESPH!G38 -> 44.61 | G38: =[2]ESPH!H38 -> 44.61 | H38: =[2]ESPH!I38 -> 47.07 | ... M38: =[2]ESPH!N38 -> 45.68
A39: =[2]ESPH!B39 -> Bloque 0-10 kW | B39: =[2]ESPH!C39 -> 70393.1 | C39: =[2]ESPH!D39 -> 70393.1 | D39: =[2]ESPH!E39 -> 70393.1 | E39: =[2]ESPH!F39 -> 69631.6 | F39: =[2]ESPH!G39 -> 69631.6 | G39: =[2]ESPH!H39 -> 69631.6 | H39: =[2]ESPH!I39 -> 73456.7 | ... M39: =[2]ESPH!N39 -> 71290.2
A40: =[2]ESPH!B40 -> Bloque mayor a 10 kW | B40: =[2]ESPH!C40 -> 7039.31 | C40: =[2]ESPH!D40 -> 7039.31 | D40: =[2]ESPH!E40 -> 7039.31 | E40: =[2]ESPH!F40 -> 6963.16 | F40: =[2]ESPH!G40 -> 6963.16 | G40: =[2]ESPH!H40 -> 6963.16 | H40: =[2]ESPH!I40 -> 7345.67 | ... M40: =[2]ESPH!N40 -> 7129.02
A41: =[2]ESPH!B41 -> MEDIA TENSIÓN (T-MT)
A42: =[2]ESPH!B42 -> T-MT
A43: =[2]ESPH!B43 -> Energía Punta | B43: =[2]ESPH!C43 -> 59.76 | C43: =[2]ESPH!D43 -> 59.76 | D43: =[2]ESPH!E43 -> 59.76 | E43: =[2]ESPH!F43 -> 59.1 | F43: =[2]ESPH!G43 -> 59.1 | G43: =[2]ESPH!H43 -> 59.1 | H43: =[2]ESPH!I43 -> 62.36 | ... M43: =[2]ESPH!N43 -> 60.52
A44: =[2]ESPH!B44 -> Energía Valle | B44: =[2]ESPH!C44 -> 30.44 | C44: =[2]ESPH!D44 -> 30.44 | D44: =[2]ESPH!E44 -> 30.44 | E44: =[2]ESPH!F44 -> 30.11 | F44: =[2]ESPH!G44 -> 30.11 | G44: =[2]ESPH!H44 -> 30.11 | H44: =[2]ESPH!I44 -> 31.77 | ... M44: =[2]ESPH!N44 -> 30.83
A45: =[2]ESPH!B45 -> Energía Noche | B45: =[2]ESPH!C45 -> 24.8 | C45: =[2]ESPH!D45 -> 24.8 | D45: =[2]ESPH!E45 -> 24.8 | E45: =[2]ESPH!F45 -> 24.54 | F45: =[2]ESPH!G45 -> 24.54 | G45: =[2]ESPH!H45 -> 24.54 | H45: =[2]ESPH!I45 -> 25.89 | ... M45: =[2]ESPH!N45 -> 25.12
A46: =[2]ESPH!B46 -> Potencia Punta | B46: =[2]ESPH!C46 -> 10012.66 | C46: =[2]ESPH!D46 -> 10012.66 | D46: =[2]ESPH!E46 -> 10012.66 | E46: =[2]ESPH!F46 -> 9904.35 | F46: =[2]ESPH!G46 -> 9904.35 | G46: =[2]ESPH!H46 -> 9904.35 | H46: =[2]ESPH!I46 -> 10448.44 | ... M46: =[2]ESPH!N46 -> 10140.28
A47: =[2]ESPH!B47 -> Potencia Valle | B47: =[2]ESPH!C47 -> 6956.99 | C47: =[2]ESPH!D47 -> 6956.99 | D47: =[2]ESPH!E47 -> 6956.99 | E47: =[2]ESPH!F47 -> 6881.73 | F47: =[2]ESPH!G47 -> 6881.73 | G47: =[2]ESPH!H47 -> 6881.73 | H47: =[2]ESPH!I47 -> 7259.78 | ... M47: =[2]ESPH!N47 -> 7045.66
A48: =[2]ESPH!B48 -> Potencia Noche | B48: =[2]ESPH!C48 -> 4636.49 | C48: =[2]ESPH!D48 -> 4636.49 | D48: =[2]ESPH!E48 -> 4636.49 | E48: =[2]ESPH!F48 -> 4586.34 | F48: =[2]ESPH!G48 -> 4586.34 | G48: =[2]ESPH!H48 -> 4586.34 | H48: =[2]ESPH!I48 -> 4838.28 | ... M48: =[2]ESPH!N48 -> 4695.58
A49: =[2]ESPH!B49 -> MEDIA TENSIÓN (T-MTb)
A50: =[2]ESPH!B50 -> T-MTB
A51: =[2]ESPH!B51 -> Energía Punta | E51: =[2]ESPH!F51 -> 0.195 | F51: =[2]ESPH!G51 -> 0.195 | G51: =[2]ESPH!H51 -> 0.195 | H51: =[2]ESPH!I51 -> 0.195 | I51: =[2]ESPH!J51 -> 0.195 | J51: =[2]ESPH!K51 -> 0.195 | K51: =[2]ESPH!L51 -> 0.195 | L51: =[2]ESPH!M51 -> 0.195 | M51: =[2]ESPH!N51 -> 0.195
A52: =[2]ESPH!B52 -> Energía Valle | E52: =[2]ESPH!F52 -> 0.067 | F52: =[2]ESPH!G52 -> 0.067 | G52: =[2]ESPH!H52 -> 0.067 | H52: =[2]ESPH!I52 -> 0.067 | I52: =[2]ESPH!J52 -> 0.067 | J52: =[2]ESPH!K52 -> 0.067 | K52: =[2]ESPH!L52 -> 0.067 | L52: =[2]ESPH!M52 -> 0.067 | M52: =[2]ESPH!N52 -> 0.067
A53: =[2]ESPH!B53 -> Energía Noche | E53: =[2]ESPH!F53 -> 0.043 | F53: =[2]ESPH!G53 -> 0.043 | G53: =[2]ESPH!H53 -> 0.043 | H53: =[2]ESPH!I53 -> 0.043 | I53: =[2]ESPH!J53 -> 0.043 | J53: =[2]ESPH!K53 -> 0.043 | K53: =[2]ESPH!L53 -> 0.043 | L53: =[2]ESPH!M53 -> 0.043 | M53: =[2]ESPH!N53 -> 0.043
A54: =[2]ESPH!B54 -> Potencia Punta | E54: =[2]ESPH!F54 -> 5.727 | F54: =[2]ESPH!G54 -> 5.727 | G54: =[2]ESPH!H54 -> 5.727 | H54: =[2]ESPH!I54 -> 5.727 | I54: =[2]ESPH!J54 -> 5.727 | J54: =[2]ESPH!K54 -> 5.727 | K54: =[2]ESPH!L54 -> 5.727 | L54: =[2]ESPH!M54 -> 5.727 | M54: =[2]ESPH!N54 -> 5.727
A55: =[2]ESPH!B55 -> Potencia Valle | E55: =[2]ESPH!F55 -> 3.998 | F55: =[2]ESPH!G55 -> 3.998 | G55: =[2]ESPH!H55 -> 3.998 | H55: =[2]ESPH!I55 -> 3.998 | I55: =[2]ESPH!J55 -> 3.998 | J55: =[2]ESPH!K55 -> 3.998 | K55: =[2]ESPH!L55 -> 3.998 | L55: =[2]ESPH!M55 -> 3.998 | M55: =[2]ESPH!N55 -> 3.998
A56: =[2]ESPH!B56 -> Potencia Noche | E56: =[2]ESPH!F56 -> 2.562 | F56: =[2]ESPH!G56 -> 2.562 | G56: =[2]ESPH!H56 -> 2.562 | H56: =[2]ESPH!I56 -> 2.562 | I56: =[2]ESPH!J56 -> 2.562 | J56: =[2]ESPH!K56 -> 2.562 | K56: =[2]ESPH!L56 -> 2.562 | L56: =[2]ESPH!M56 -> 2.562 | M56: =[2]ESPH!N56 -> 2.562
A57: =[2]ESPH!B57 -> ALUMBRADO PÚBLICO
A58: =[2]ESPH!B58 -> T-AP
A59: =[2]ESPH!B59 -> Cada KWh | B59: =[2]ESPH!C59 -> 3.38 | C59: =[2]ESPH!D59 -> 3.38 | D59: =[2]ESPH!E59 -> 3.38 | E59: =[2]ESPH!F59 -> 3.38 | F59: =[2]ESPH!G59 -> 3.38 | G59: =[2]ESPH!H59 -> 3.38 | H59: =[2]ESPH!I59 -> 3.38 | ... M59: =[2]ESPH!N59 -> 3.38
A60: =[2]ESPH!B60 -> Tarifa de acceso
A61: =[2]ESPH!B61 -> T-TA
A62: =[2]ESPH!B62 -> Consumo de Energía cada kWh | E62: =[2]ESPH!F62 -> 11.6 | F62: =[2]ESPH!G62 -> 11.6 | G62: =[2]ESPH!H62 -> 11.6 | H62: =[2]ESPH!I62 -> 11.6 | I62: =[2]ESPH!J62 -> 11.6 | J62: =[2]ESPH!K62 -> 11.6 | K62: =[2]ESPH!L62 -> 11.6 | L62: =[2]ESPH!M62 -> 11.6 | M62: =[2]ESPH!N62 -> 11.6
A63: Fuente: Autoridad Reguladora de los Servicios Públicos
A64: * Las tarifas pueden diferir del valor puntual de los pliegos pues la tabla muestra el promedio del mes, y de existir dos o más tarifas que estuvieron vigentes, se realiza un promedio ponderado por la cantidad de días.
A71: Tabla 8
A72: Tarifas del servicio de generación eléctrica prestado por ESPH para el año 2016, según el mes y el tipo de tarifa respectivo.
A73: =[2]ESPH!B96 -> º | B73: =[2]ESPH!C96 -> Enero | C73: =[2]ESPH!D96 -> Febrero | D73: =[2]ESPH!E96 -> Marzo | E73: =[2]ESPH!F96 -> Abril | F73: =[2]ESPH!G96 -> Mayo | G73: =[2]ESPH!H96 -> Junio | H73: =[2]ESPH!I96 -> Julio | ... M73: =[2]ESPH!N96 -> Diciembre
A74: =[2]ESPH!B97 -> VENTAS AL SERVICIO DE DISTRIBUCIÓN
A75: =[2]ESPH!B98 -> T-SD
A76: =[2]ESPH!B99 -> Energía Noche | B76: =[2]ESPH!C99 -> 25.5 | C76: =[2]ESPH!D99 -> 25.5 | D76: =[2]ESPH!E99 -> 25.5 | E76: =[2]ESPH!F99 -> 25.5 | F76: =[2]ESPH!G99 -> 25.5 | G76: =[2]ESPH!H99 -> 25.5 | H76: =[2]ESPH!I99 -> 25.5 | ... M76: =[2]ESPH!N99 -> 25.5
A77: =[2]ESPH!B100 -> Energía Valle | B77: =[2]ESPH!C100 -> 38.9 | C77: =[2]ESPH!D100 -> 38.9 | D77: =[2]ESPH!E100 -> 38.9 | E77: =[2]ESPH!F100 -> 38.9 | F77: =[2]ESPH!G100 -> 38.9 | G77: =[2]ESPH!H100 -> 38.9 | H77: =[2]ESPH!I100 -> 38.9 | ... M77: =[2]ESPH!N100 -> 38.9
A78: =[2]ESPH!B101 -> Energía Punta | B78: =[2]ESPH!C101 -> 52.1 | C78: =[2]ESPH!D101 -> 52.1 | D78: =[2]ESPH!E101 -> 52.1 | E78: =[2]ESPH!F101 -> 52.1 | F78: =[2]ESPH!G101 -> 52.1 | G78: =[2]ESPH!H101 -> 52.1 | H78: =[2]ESPH!I101 -> 52.1 | ... M78: =[2]ESPH!N101 -> 52.1

Sheet CL 2016
A5: Tabla 9
A6: Tarifas del servicio de distribución eléctrica y alumbrado público prestado por Coopelesca R.L para el año 2016, según el mes y el tipo de tarifa respectivo.
A7: =[2]COOPELESCA!B7 -> Tipo de tarifa y bloque | B7: =[2]COOPELESCA!C7 -> Enero | C7: =[2]COOPELESCA!D7 -> Febrero | D7: =[2]COOPELESCA!E7 -> Marzo | E7: =[2]COOPELESCA!F7 -> Abril | F7: =[2]COOPELESCA!G7 -> Mayo | G7: =[2]COOPELESCA!H7 -> Junio | H7: =[2]COOPELESCA!I7 -> Julio | ... M7: =[2]COOPELESCA!N7 -> Diciembre
A8: =[2]COOPELESCA!B8 -> RESIDENCIAL
A9: =[2]COOPELESCA!B9 -> T-RE
A10: =[2]COOPELESCA!B10 -> Bloque 0-30 kWh | E10: =[2]COOPELESCA!F10 -> 2100.6 | F10: =[2]COOPELESCA!G10 -> 2100.6 | G10: =[2]COOPELESCA!H10 -> 2100.6 | H10: =[2]COOPELESCA!I10 -> 2120.7 | I10: =[2]COOPELESCA!J10 -> 2120.7 | J10: =[2]COOPELESCA!K10 -> 2120.7 | K10: =[2]COOPELESCA!L10 -> 2114.1 | L10: =[2]COOPELESCA!M10 -> 2114.1 | M10: =[2]COOPELESCA!N10 -> 2114.1
A11: =[2]COOPELESCA!B11 -> Bloque 31-200 kWh | B11: =[2]COOPELESCA!C11 -> 73.72 | C11: =[2]COOPELESCA!D11 -> 73.72 | D11: =[2]COOPELESCA!E11 -> 73.72 | E11: =[2]COOPELESCA!F11 -> 70.02 | F11: =[2]COOPELESCA!G11 -> 70.02 | G11: =[2]COOPELESCA!H11 -> 70.02 | H11: =[2]COOPELESCA!I11 -> 70.69 | ... M11: =[2]COOPELESCA!N11 -> 70.47
A12: =[2]COOPELESCA!B12 -> Bloque mayor a 200 kWh | B12: =[2]COOPELESCA!C12 -> 92.65 | C12: =[2]COOPELESCA!D12 -> 92.65 | D12: =[2]COOPELESCA!E12 -> 92.65 | E12: =[2]COOPELESCA!F12 -> 88.01 | F12: =[2]COOPELESCA!G12 -> 88.01 | G12: =[2]COOPELESCA!H12 -> 88.01 | H12: =[2]COOPELESCA!I12 -> 88.88 | ... K12: =[2]COOPELESCA!L12 -> 88.59
A13: =[2]COOPELESCA!B13 -> GENERAL
A14: =[2]COOPELESCA!B14 -> T-GE
A15: =[2]COOPELESCA!B15 -> Consumo de Energía ≤ 3000 kWh | B15: =[2]COOPELESCA!C15 -> 95.64 | C15: =[2]COOPELESCA!D15 -> 95.64 | D15: =[2]COOPELESCA!E15 -> 95.64 | E15: =[2]COOPELESCA!F15 -> 91.01 | F15: =[2]COOPELESCA!G15 -> 91.01 | G15: =[2]COOPELESCA!H15 -> 91.01
A16: =[2]COOPELESCA!B16 -> Bloque 0-3000 kWh | B16: =[2]COOPELESCA!C16 -> 233130 | C16: =[2]COOPELESCA!D16 -> 233130 | D16: =[2]COOPELESCA!E16 -> 233130 | E16: =[2]COOPELESCA!F16 -> 222030 | F16: =[2]COOPELESCA!G16 -> 222030 | G16: =[2]COOPELESCA!H16 -> 222030
A17: =[2]COOPELESCA!B17 -> Bloque mayor a 3000 kWh | B17: =[2]COOPELESCA!C17 -> 77.71 | C17: =[2]COOPELESCA!D17 -> 77.71 | D17: =[2]COOPELESCA!E17 -> 77.71 | E17: =[2]COOPELESCA!F17 -> 74.01 | F17: =[2]COOPELESCA!G17 -> 74.01 | G17: =[2]COOPELESCA!H17 -> 74.01
A18: =[2]COOPELESCA!B18 -> Bloque 0-10 kW | B18: =[2]COOPELESCA!C18 -> 47142.9 | C18: =[2]COOPELESCA!D18 -> 47142.9 | D18: =[2]COOPELESCA!E18 -> 47142.9 | E18: =[2]COOPELESCA!F18 -> 44826 | F18: =[2]COOPELESCA!G18 -> 44826 | G18: =[2]COOPELESCA!H18 -> 44826
A19: =[2]COOPELESCA!B19 -> Bloque mayor a 10 kW | B19: =[2]COOPELESCA!C19 -> 4714.29 | C19: =[2]COOPELESCA!D19 -> 4714.29 | D19: =[2]COOPELESCA!E19 -> 4714.29 | E19: =[2]COOPELESCA!F19 -> 4482.6 | F19: =[2]COOPELESCA!G19 -> 4482.6 | G19: =[2]COOPELESCA!H19 -> 4482.6
A20: =[2]COOPELESCA!B20 -> COMERCIOS Y SERVICIOS
A21: =[2]COOPELESCA!B21 -> T-CO
A22: =[2]COOPELESCA!B22 -> Consumo de Energía ≤ 3000 kWh | H22: =[2]COOPELESCA!I22 -> 91.91 | I22: =[2]COOPELESCA!J22 -> 91.91 | J22: =[2]COOPELESCA!K22 -> 91.91 | K22: =[2]COOPELESCA!L22 -> 91.61 | L22: =[2]COOPELESCA!M22 -> 91.61 | M22: =[2]COOPELESCA!N22 -> 91.61
A23: =[2]COOPELESCA!B23 -> Bloque 0-3000 kWh | H23: =[2]COOPELESCA!I23 -> 224190 | I23: =[2]COOPELESCA!J23 -> 224190 | J23: =[2]COOPELESCA!K23 -> 224190 | K23: =[2]COOPELESCA!L23 -> 223470 | L23: =[2]COOPELESCA!M23 -> 223470 | M23: =[2]COOPELESCA!N23 -> 223470
A24: =[2]COOPELESCA!B24 -> Bloque mayor a 3000 kWh | H24: =[2]COOPELESCA!I24 -> 74.73 | I24: =[2]COOPELESCA!J24 -> 74.73 | J24: =[2]COOPELESCA!K24 -> 74.73 | K24: =[2]COOPELESCA!L24 -> 74.49 | L24: =[2]COOPELESCA!M24 -> 74.49 | M24: =[2]COOPELESCA!N24 -> 74.49
A25: =[2]COOPELESCA!B25 -> Bloque 0-10 kW | H25: =[2]COOPELESCA!I25 -> 45264.7 | I25: =[2]COOPELESCA!J25 -> 45264.7 | J25: =[2]COOPELESCA!K25 -> 45264.7 | K25: =[2]COOPELESCA!L25 -> 45120.5 | L25: =[2]COOPELESCA!M25 -> 45120.5 | M25: =[2]COOPELESCA!N25 -> 45120.5
A26: =[2]COOPELESCA!B26 -> Bloque mayor a 10 kW | H26: =[2]COOPELESCA!I26 -> 4526.47 | I26: =[2]COOPELESCA!J26 -> 4526.47 | J26: =[2]COOPELESCA!K26 -> 4526.47 | K26: =[2]COOPELESCA!L26 -> 4512.05 | L26: =[2]COOPELESCA!M26 -> 4512.05 | M26: =[2]COOPELESCA!N26 -> 4512.05
A27: =[2]COOPELESCA!B27 -> INDUSTRIAL
A28: =[2]COOPELESCA!B28 -> T-IN
A29: =[2]COOPELESCA!B29 -> Consumo de Energía ≤ 3000 kWh | H29: =[2]COOPELESCA!I29 -> 91.91 | I29: =[2]COOPELESCA!J29 -> 91.91 | J29: =[2]COOPELESCA!K29 -> 91.91 | K29: =[2]COOPELESCA!L29 -> 91.61 | L29: =[2]COOPELESCA!M29 -> 91.61 | M29: =[2]COOPELESCA!N29 -> 91.61
A30: =[2]COOPELESCA!B30 -> Bloque 0-3000 kWh | H30: =[2]COOPELESCA!I30 -> 224190 | I30: =[2]COOPELESCA!J30 -> 224190 | J30: =[2]COOPELESCA!K30 -> 224190 | K30: =[2]COOPELESCA!L30 -> 223470 | L30: =[2]COOPELESCA!M30 -> 223470 | M30: =[2]COOPELESCA!N30 -> 223470
A31: =[2]COOPELESCA!B31 -> Bloque mayor a 3000 kWh | H31: =[2]COOPELESCA!I31 -> 74.73 | I31: =[2]COOPELESCA!J31 -> 74.73 | J31: =[2]COOPELESCA!K31 -> 74.73 | K31: =[2]COOPELESCA!L31 -> 74.49 | L31: =[2]COOPELESCA!M31 -> 74.49 | M31: =[2]COOPELESCA!N31 -> 74.49
A32: =[2]COOPELESCA!B32 -> Bloque 0-10 kW | H32: =[2]COOPELESCA!I32 -> 45264.7 | I32: =[2]COOPELESCA!J32 -> 45264.7 | J32: =[2]COOPELESCA!K32 -> 45264.7 | K32: =[2]COOPELESCA!L32 -> 45120.5 | L32: =[2]COOPELESCA!M32 -> 45120.5 | M32: =[2]COOPELESCA!N32 -> 45120.5
A33: =[2]COOPELESCA!B33 -> Bloque mayor a 10 kW | H33: =[2]COOPELESCA!I33 -> 4526.47 | I33: =[2]COOPELESCA!J33 -> 4526.47 | J33: =[2]COOPELESCA!K33 -> 4526.47 | K33: =[2]COOPELESCA!L33 -> 4512.05 | L33: =[2]COOPELESCA!M33 -> 4512.05 | M33: =[2]COOPELESCA!N33 -> 4512.05
A34: =[2]COOPELESCA!B34 -> MEDIA TENSIÓN (T-MT)
A35: =[2]COOPELESCA!B35 -> T-MT
A36: =[2]COOPELESCA!B36 -> Energía Punta | B36: =[2]COOPELESCA!C36 -> 76.71 | C36: =[2]COOPELESCA!D36 -> 76.71 | D36: =[2]COOPELESCA!E36 -> 76.71 | E36: =[2]COOPELESCA!F36 -> 73 | F36: =[2]COOPELESCA!G36 -> 73 | G36: =[2]COOPELESCA!H36 -> 73 | H36: =[2]COOPELESCA!I36 -> 73.73 | ... M36: =[2]COOPELESCA!N36 -> 73.49
A37: =[2]COOPELESCA!B37 -> Energía Valle | B37: =[2]COOPELESCA!C37 -> 64.76 | C37: =[2]COOPELESCA!D37 -> 64.76 | D37: =[2]COOPELESCA!E37 -> 64.76 | E37: =[2]COOPELESCA!F37 -> 62.01 | F37: =[2]COOPELESCA!G37 -> 62.01 | G37: =[2]COOPELESCA!H37 -> 62.01 | H37: =[2]COOPELESCA!I37 -> 62.61 | ... M37: =[2]COOPELESCA!N37 -> 62.41
A38: =[2]COOPELESCA!B38 -> Energía Noche | B38: =[2]COOPELESCA!C38 -> 58.78 | C38: =[2]COOPELESCA!D38 -> 58.78 | D38: =[2]COOPELESCA!E38 -> 58.78 | E38: =[2]COOPELESCA!F38 -> 56 | F38: =[2]COOPELESCA!G38 -> 56 | G38: =[2]COOPELESCA!H38 -> 56 | H38: =[2]COOPELESCA!I38 -> 56.56 | ... M38: =[2]COOPELESCA!N38 -> 56.38
A39: =[2]COOPELESCA!B39 -> Potencia Punta | B39: =[2]COOPELESCA!C39 -> 4417.4 | C39: =[2]COOPELESCA!D39 -> 4417.4 | D39: =[2]COOPELESCA!E39 -> 4417.4 | E39: =[2]COOPELESCA!F39 -> 4200.56 | F39: =[2]COOPELESCA!G39 -> 4200.56 | G39: =[2]COOPELESCA!H39 -> 4200.56 | H39: =[2]COOPELESCA!I39 -> 4241.68 | ... M39: =[2]COOPELESCA!N39 -> 4228.16
A40: =[2]COOPELESCA!B40 -> Potencia Valle | B40: =[2]COOPELESCA!C40 -> 4417.4 | C40: =[2]COOPELESCA!D40 -> 4417.4 | D40: =[2]COOPELESCA!E40 -> 4417.4 | E40: =[2]COOPELESCA!F40 -> 4200.56 | F40: =[2]COOPELESCA!G40 -> 4200.56 | G40: =[2]COOPELESCA!H40 -> 4200.56 | H40: =[2]COOPELESCA!I40 -> 4241.68 | ... M40: =[2]COOPELESCA!N40 -> 4228.16
A41: =[2]COOPELESCA!B41 -> MEDIA TENSIÓN (T-MTb)
A42: =[2]COOPELESCA!B42 -> T-MTB
A43: =[2]COOPELESCA!B43 -> Energía Punta | B43: =[2]COOPELESCA!C43 -> 0 | C43: =[2]COOPELESCA!D43 -> 0 | D43: =[2]COOPELESCA!E43 -> 0 | E43: =[2]COOPELESCA!F43 -> 0.195 | F43: =[2]COOPELESCA!G43 -> 0.195 | G43: =[2]COOPELESCA!H43 -> 0.195 | H43: =[2]COOPELESCA!I43 -> 0.195 | ... M43: =[2]COOPELESCA!N43 -> 0.195
A44: =[2]COOPELESCA!B44 -> Energía Valle | B44: =[2]COOPELESCA!C44 -> 0 | C44: =[2]COOPELESCA!D44 -> 0 | D44: =[2]COOPELESCA!E44 -> 0 | E44: =[2]COOPELESCA!F44 -> 0.067 | F44: =[2]COOPELESCA!G44 -> 0.067 | G44: =[2]COOPELESCA!H44 -> 0.067 | H44: =[2]COOPELESCA!I44 -> 0.067 | ... M44: =[2]COOPELESCA!N44 -> 0.067
A45: =[2]COOPELESCA!B45 -> Energía Noche | B45: =[2]COOPELESCA!C45 -> 0 | C45: =[2]COOPELESCA!D45 -> 0 | D45: =[2]COOPELESCA!E45 -> 0 | E45: =[2]COOPELESCA!F45 -> 0.043 | F45: =[2]COOPELESCA!G45 -> 0.043 | G45: =[2]COOPELESCA!H45 -> 0.043 | H45: =[2]COOPELESCA!I45 -> 0.043 | ... M45: =[2]COOPELESCA!N45 -> 0.043
A46: =[2]COOPELESCA!B46 -> Potencia Punta | B46: =[2]COOPELESCA!C46 -> 0 | C46: =[2]COOPELESCA!D46 -> 0 | D46: =[2]COOPELESCA!E46 -> 0 | E46: =[2]COOPELESCA!F46 -> 5.727 | F46: =[2]COOPELESCA!G46 -> 5.727 | G46: =[2]COOPELESCA!H46 -> 5.727 | H46: =[2]COOPELESCA!I46 -> 5.727 | ... M46: =[2]COOPELESCA!N46 -> 5.727
A47: =[2]COOPELESCA!B47 -> Potencia Valle | B47: =[2]COOPELESCA!C47 -> 0 | C47: =[2]COOPELESCA!D47 -> 0 | D47: =[2]COOPELESCA!E47 -> 0 | E47: =[2]COOPELESCA!F47 -> 3.998 | F47: =[2]COOPELESCA!G47 -> 3.998 | G47: =[2]COOPELESCA!H47 -> 3.998 | H47: =[2]COOPELESCA!I47 -> 3.998 | ... M47: =[2]COOPELESCA!N47 -> 3.998
A48: =[2]COOPELESCA!B48 -> Potencia Noche | B48: =[2]COOPELESCA!C48 -> 0 | C48: =[2]COOPELESCA!D48 -> 0 | D48: =[2]COOPELESCA!E48 -> 0 | E48: =[2]COOPELESCA!F48 -> 2.562 | F48: =[2]COOPELESCA!G48 -> 2.562 | G48: =[2]COOPELESCA!H48 -> 2.562 | H48: =[2]COOPELESCA!I48 -> 2.562 | ... M48: =[2]COOPELESCA!N48 -> 2.562
A49: =[2]COOPELESCA!B49 -> ALUMBRADO PÚBLICO
A50: =[2]COOPELESCA!B50 -> T-AP
A51: =[2]COOPELESCA!B51 -> Cada KWh | B51: =[2]COOPELESCA!C51 -> 4.01 | C51: =[2]COOPELESCA!D51 -> 4.01 | D51: =[2]COOPELESCA!E51 -> 4.01 | E51: =[2]COOPELESCA!F51 -> 4.01 | F51: =[2]COOPELESCA!G51 -> 4.01 | G51: =[2]COOPELESCA!H51 -> 4.01 | H51: =[2]COOPELESCA!I51 -> 4.01 | ... M51: =[2]COOPELESCA!N51 -> 4.01
A52: =[2]COOPELESCA!B52 -> Tarifa de acceso
A53: =[2]COOPELESCA!B53 -> T-TA
A54: =[2]COOPELESCA!B54 -> Consumo de Energía cada kWh | E54: =[2]COOPELESCA!F54 -> 29.4 | F54: =[2]COOPELESCA!G54 -> 29.4 | G54: =[2]COOPELESCA!H54 -> 29.4 | H54: =[2]COOPELESCA!I54 -> 29.4 | I54: =[2]COOPELESCA!J54 -> 29.4 | J54: =[2]COOPELESCA!K54 -> 29.4 | K54: =[2]COOPELESCA!L54 -> 29.4 | L54: =[2]COOPELESCA!M54 -> 29.4 | M54: =[2]COOPELESCA!N54 -> 29.4
A55: Fuente: Autoridad Reguladora de los Servicios Públicos
A56: * Las tarifas pueden diferir del valor puntual de los pliegos pues la tabla muestra el promedio del mes, y de existir dos o más tarifas que estuvieron vigentes, se realiza un promedio ponderado por la cantidad de días.
A64: Tabla 10
A65: Tarifas del servicio de generación eléctrica prestado por COOPELESCA para el año 2016, según el mes y el tipo de tarifa respectivo.
A66: =[2]COOPELESCA!B85 -> º | B66: =[2]COOPELESCA!C85 -> Enero | C66: =[2]COOPELESCA!D85 -> Febrero | D66: =[2]COOPELESCA!E85 -> Marzo | E66: =[2]COOPELESCA!F85 -> Abril | F66: =[2]COOPELESCA!G85 -> Mayo | G66: =[2]COOPELESCA!H85 -> Junio | H66: =[2]COOPELESCA!I85 -> Julio | ... M66: =[2]COOPELESCA!N85 -> Diciembre
A67: =[2]COOPELESCA!B86 -> VENTAS AL SERVICIO DE DISTRIBUCIÓN
A68: =[2]COOPELESCA!B87 -> T-SD
A69: =[2]COOPELESCA!B88 -> Energía Punta | B69: =[2]COOPELESCA!C88 -> 72.6 | C69: =[2]COOPELESCA!D88 -> 72.6 | D69: =[2]COOPELESCA!E88 -> 72.6 | E69: =[2]COOPELESCA!F88 -> 60.62 | F69: =[2]COOPELESCA!G88 -> 60.62 | G69: =[2]COOPELESCA!H88 -> 60.62 | H69: =[2]COOPELESCA!I88 -> 60.62 | ... M69: =[2]COOPELESCA!N88 -> 60.62
A70: =[2]COOPELESCA!B89 -> Energía Valle | B70: =[2]COOPELESCA!C89 -> 54.3 | C70: =[2]COOPELESCA!D89 -> 54.3 | D70: =[2]COOPELESCA!E89 -> 54.3 | E70: =[2]COOPELESCA!F89 -> 45.34 | F70: =[2]COOPELESCA!G89 -> 45.34 | G70: =[2]COOPELESCA!H89 -> 45.34 | H70: =[2]COOPELESCA!I89 -> 45.34 | ... M70: =[2]COOPELESCA!N89 -> 45.34
A71: =[2]COOPELESCA!B90 -> Energía Noche | B71: =[2]COOPELESCA!C90 -> 35.7 | C71: =[2]COOPELESCA!D90 -> 35.7 | D71: =[2]COOPELESCA!E90 -> 35.7 | E71: =[2]COOPELESCA!F90 -> 29.81 | F71: =[2]COOPELESCA!G90 -> 29.81 | G71: =[2]COOPELESCA!H90 -> 29.81 | H71: =[2]COOPELESCA!I90 -> 29.81 | ... M71: =[2]COOPELESCA!N90 -> 29.81

Sheet CG 2016
A5: Tabla 11
A6: Tarifas del servicio de distribución eléctrica y alumbrado público prestado por CoopeGuanacaste R.L para el año 2016, según el mes y el tipo de tarifa respectivo.
A7: =[2]COOPEGUANACASTE!B7 -> Tipo de tarifa y bloque | B7: =[2]COOPEGUANACASTE!C7 -> Enero | C7: =[2]COOPEGUANACASTE!D7 -> Febrero | D7: =[2]COOPEGUANACASTE!E7 -> Marzo | E7: =[2]COOPEGUANACASTE!F7 -> Abril | F7: =[2]COOPEGUANACASTE!G7 -> Mayo | G7: =[2]COOPEGUANACASTE!H7 -> Junio | H7: =[2]COOPEGUANACASTE!I7 -> Julio | ... M7: =[2]COOPEGUANACASTE!N7 -> Diciembre
A8: =[2]COOPEGUANACASTE!B8 -> RESIDENCIAL
A9: =[2]COOPEGUANACASTE!B9 -> T-RE
A10: =[2]COOPEGUANACASTE!B10 -> Bloque 0-30 kWh | E10: =[2]COOPEGUANACASTE!F10 -> 2038.5 | F10: =[2]COOPEGUANACASTE!G10 -> 2038.5 | G10: =[2]COOPEGUANACASTE!H10 -> 2038.5 | H10: =[2]COOPEGUANACASTE!I10 -> 2069.7 | I10: =[2]COOPEGUANACASTE!J10 -> 2069.7 | J10: =[2]COOPEGUANACASTE!K10 -> 2069.7 | K10: =[2]COOPEGUANACASTE!L10 -> 2035.8 | L10: =[2]COOPEGUANACASTE!M10 -> 2035.8 | M10: =[2]COOPEGUANACASTE!N10 -> 2035.8
A11: =[2]COOPEGUANACASTE!B11 -> Bloque 31-200 kWh | B11: =[2]COOPEGUANACASTE!C11 -> 69.2 | C11: =[2]COOPEGUANACASTE!D11 -> 69.2 | D11: =[2]COOPEGUANACASTE!E11 -> 69.2 | E11: =[2]COOPEGUANACASTE!F11 -> 67.95 | F11: =[2]COOPEGUANACASTE!G11 -> 67.95 | G11: =[2]COOPEGUANACASTE!H11 -> 67.95 | H11: =[2]COOPEGUANACASTE!I11 -> 68.99 | ... M11: =[2]COOPEGUANACASTE!N11 -> 67.86
A12: =[2]COOPEGUANACASTE!B12 -> Bloque mayor a 200 kWh | B12: =[2]COOPEGUANACASTE!C12 -> 97.56 | C12: =[2]COOPEGUANACASTE!D12 -> 97.56 | D12: =[2]COOPEGUANACASTE!E12 -> 97.56 | E12: =[2]COOPEGUANACASTE!F12 -> 95.79 | F12: =[2]COOPEGUANACASTE!G12 -> 95.79 | G12: =[2]COOPEGUANACASTE!H12 -> 95.79 | H12: =[2]COOPEGUANACASTE!I12 -> 97.25 | ... M12: =[2]COOPEGUANACASTE!N12 -> 95.66
A13: =[2]COOPEGUANACASTE!B13 -> GENERAL
A14: =[2]COOPEGUANACASTE!B14 -> T-GE
A15: =[2]COOPEGUANACASTE!B15 -> Consumo de Energía ≤ 3000 kWh | B15: =[2]COOPEGUANACASTE!C15 -> 102.1 | C15: =[2]COOPEGUANACASTE!D15 -> 102.1 | D15: =[2]COOPEGUANACASTE!E15 -> 102.1 | E15: =[2]COOPEGUANACASTE!F15 -> 100.25 | F15: =[2]COOPEGUANACASTE!G15 -> 100.25 | G15: =[2]COOPEGUANACASTE!H15 -> 100.25
A16: =[2]COOPEGUANACASTE!B16 -> Bloque 0-3000 kWh | B16: =[2]COOPEGUANACASTE!C16 -> 194010 | C16: =[2]COOPEGUANACASTE!D16 -> 194010 | D16: =[2]COOPEGUANACASTE!E16 -> 194010 | E16: =[2]COOPEGUANACASTE!F16 -> 190500 | F16: =[2]COOPEGUANACASTE!G16 -> 190500 | G16: =[2]COOPEGUANACASTE!H16 -> 190500
A17: =[2]COOPEGUANACASTE!B17 -> Bloque mayor a 3000 kWh | B17: =[2]COOPEGUANACASTE!C17 -> 64.67 | C17: =[2]COOPEGUANACASTE!D17 -> 64.67 | D17: =[2]COOPEGUANACASTE!E17 -> 64.67 | E17: =[2]COOPEGUANACASTE!F17 -> 63.5 | F17: =[2]COOPEGUANACASTE!G17 -> 63.5 | G17: =[2]COOPEGUANACASTE!H17 -> 63.5
A18: =[2]COOPEGUANACASTE!B18 -> Bloque 0-10 kW | B18: =[2]COOPEGUANACASTE!C18 -> 95494.3 | C18: =[2]COOPEGUANACASTE!D18 -> 95494.3 | D18: =[2]COOPEGUANACASTE!E18 -> 95494.3 | E18: =[2]COOPEGUANACASTE!F18 -> 93766.2 | F18: =[2]COOPEGUANACASTE!G18 -> 93766.2 | G18: =[2]COOPEGUANACASTE!H18 -> 93766.2
A19: =[2]COOPEGUANACASTE!B19 -> Bloque mayor a 10 kW | B19: =[2]COOPEGUANACASTE!C19 -> 9549.43 | C19: =[2]COOPEGUANACASTE!D19 -> 9549.43 | D19: =[2]COOPEGUANACASTE!E19 -> 9549.43 | E19: =[2]COOPEGUANACASTE!F19 -> 9376.62 | F19: =[2]COOPEGUANACASTE!G19 -> 9376.62 | G19: =[2]COOPEGUANACASTE!H19 -> 9376.62
A20: =[2]COOPEGUANACASTE!B20 -> COMERCIOS Y SERVICIOS
A21: =[2]COOPEGUANACASTE!B21 -> T-CO
A22: =[2]COOPEGUANACASTE!B22 -> Consumo de Energía ≤ 3000 kWh | H22: =[2]COOPEGUANACASTE!I22 -> 101.78 | I22: =[2]COOPEGUANACASTE!J22 -> 101.78 | J22: =[2]COOPEGUANACASTE!K22 -> 101.78 | K22: =[2]COOPEGUANACASTE!L22 -> 100.11 | L22: =[2]COOPEGUANACASTE!M22 -> 100.11 | M22: =[2]COOPEGUANACASTE!N22 -> 100.11
A23: =[2]COOPEGUANACASTE!B23 -> Bloque 0-3000 kWh | H23: =[2]COOPEGUANACASTE!I23 -> 193410 | I23: =[2]COOPEGUANACASTE!J23 -> 193410 | J23: =[2]COOPEGUANACASTE!K23 -> 193410 | K23: =[2]COOPEGUANACASTE!L23 -> 190230 | L23: =[2]COOPEGUANACASTE!M23 -> 190230 | M23: =[2]COOPEGUANACASTE!N23 -> 190230
A24: =[2]COOPEGUANACASTE!B24 -> Bloque mayor a 3000 kWh | H24: =[2]COOPEGUANACASTE!I24 -> 64.47 | I24: =[2]COOPEGUANACASTE!J24 -> 64.47 | J24: =[2]COOPEGUANACASTE!K24 -> 64.47 | K24: =[2]COOPEGUANACASTE!L24 -> 63.41 | L24: =[2]COOPEGUANACASTE!M24 -> 63.41 | M24: =[2]COOPEGUANACASTE!N24 -> 63.41
A25: =[2]COOPEGUANACASTE!B25 -> Bloque 0-10 kW | H25: =[2]COOPEGUANACASTE!I25 -> 95197.1 | I25: =[2]COOPEGUANACASTE!J25 -> 95197.1 | J25: =[2]COOPEGUANACASTE!K25 -> 95197.1 | K25: =[2]COOPEGUANACASTE!L25 -> 93631.9 | L25: =[2]COOPEGUANACASTE!M25 -> 93631.9 | M25: =[2]COOPEGUANACASTE!N25 -> 93631.9
A26: =[2]COOPEGUANACASTE!B26 -> Bloque mayor a 10 kW | H26: =[2]COOPEGUANACASTE!I26 -> 9519.71 | I26: =[2]COOPEGUANACASTE!J26 -> 9519.71 | J26: =[2]COOPEGUANACASTE!K26 -> 9519.71 | K26: =[2]COOPEGUANACASTE!L26 -> 9363.19 | L26: =[2]COOPEGUANACASTE!M26 -> 9363.19 | M26: =[2]COOPEGUANACASTE!N26 -> 9363.19
A27: =[2]COOPEGUANACASTE!B27 -> INDUSTRIAL
A28: =[2]COOPEGUANACASTE!B28 -> T-IN
A29: =[2]COOPEGUANACASTE!B29 -> Consumo de Energía ≤ 3000 kWh | H29: =[2]COOPEGUANACASTE!I29 -> 101.78 | I29: =[2]COOPEGUANACASTE!J29 -> 101.78 | J29: =[2]COOPEGUANACASTE!K29 -> 101.78 | K29: =[2]COOPEGUANACASTE!L29 -> 100.11 | L29: =[2]COOPEGUANACASTE!M29 -> 100.11 | M29: =[2]COOPEGUANACASTE!N29 -> 100.11
A30: =[2]COOPEGUANACASTE!B30 -> Bloque 0-3000 kWh | H30: =[2]COOPEGUANACASTE!I30 -> 193410 | I30: =[2]COOPEGUANACASTE!J30 -> 193410 | J30: =[2]COOPEGUANACASTE!K30 -> 193410 | K30: =[2]COOPEGUANACASTE!L30 -> 190230 | L30: =[2]COOPEGUANACASTE!M30 -> 190230 | M30: =[2]COOPEGUANACASTE!N30 -> 190230
A31: =[2]COOPEGUANACASTE!B31 -> Bloque mayor a 3000 kWh | H31: =[2]COOPEGUANACASTE!I31 -> 64.47 | I31: =[2]COOPEGUANACASTE!J31 -> 64.47 | J31: =[2]COOPEGUANACASTE!K31 -> 64.47 | K31: =[2]COOPEGUANACASTE!L31 -> 63.41 | L31: =[2]COOPEGUANACASTE!M31 -> 63.41 | M31: =[2]COOPEGUANACASTE!N31 -> 63.41
A32: =[2]COOPEGUANACASTE!B32 -> Bloque 0-10 kW | H32: =[2]COOPEGUANACASTE!I32 -> 95197.1 | I32: =[2]COOPEGUANACASTE!J32 -> 95197.1 | J32: =[2]COOPEGUANACASTE!K32 -> 95197.1 | K32: =[2]COOPEGUANACASTE!L32 -> 93631.9 | L32: =[2]COOPEGUANACASTE!M32 -> 93631.9 | M32: =[2]COOPEGUANACASTE!N32 -> 93631.9
A33: =[2]COOPEGUANACASTE!B33 -> Bloque mayor a 10 kW | H33: =[2]COOPEGUANACASTE!I33 -> 9519.71 | I33: =[2]COOPEGUANACASTE!J33 -> 9519.71 | J33: =[2]COOPEGUANACASTE!K33 -> 9519.71 | K33: =[2]COOPEGUANACASTE!L33 -> 9363.19 | L33: =[2]COOPEGUANACASTE!M33 -> 9363.19 | M33: =[2]COOPEGUANACASTE!N33 -> 9363.19
A34: =[2]COOPEGUANACASTE!B34 -> MEDIA TENSIÓN (T-MT)
A35: =[2]COOPEGUANACASTE!B35 -> T-MT
A36: =[2]COOPEGUANACASTE!B36 -> Energía Punta | B36: =[2]COOPEGUANACASTE!C36 -> 85.09 | C36: =[2]COOPEGUANACASTE!D36 -> 85.09 | D36: =[2]COOPEGUANACASTE!E36 -> 85.09 | E36: =[2]COOPEGUANACASTE!F36 -> 83.54 | F36: =[2]COOPEGUANACASTE!G36 -> 83.54 | G36: =[2]COOPEGUANACASTE!H36 -> 83.54 | H36: =[2]COOPEGUANACASTE!I36 -> 84.82 | ... M36: =[2]COOPEGUANACASTE!N36 -> 83.43
A37: =[2]COOPEGUANACASTE!B37 -> Energía Valle | B37: =[2]COOPEGUANACASTE!C37 -> 73.74 | C37: =[2]COOPEGUANACASTE!D37 -> 73.74 | D37: =[2]COOPEGUANACASTE!E37 -> 73.74 | E37: =[2]COOPEGUANACASTE!F37 -> 72.4 | F37: =[2]COOPEGUANACASTE!G37 -> 72.4 | G37: =[2]COOPEGUANACASTE!H37 -> 72.4 | H37: =[2]COOPEGUANACASTE!I37 -> 73.51 | ... M37: =[2]COOPEGUANACASTE!N37 -> 72.3
A38: =[2]COOPEGUANACASTE!B38 -> Energía Noche | B38: =[2]COOPEGUANACASTE!C38 -> 65.8 | C38: =[2]COOPEGUANACASTE!D38 -> 65.8 | D38: =[2]COOPEGUANACASTE!E38 -> 65.8 | E38: =[2]COOPEGUANACASTE!F38 -> 64.6 | F38: =[2]COOPEGUANACASTE!G38 -> 64.6 | G38: =[2]COOPEGUANACASTE!H38 -> 64.6 | H38: =[2]COOPEGUANACASTE!I38 -> 65.59 | ... M38: =[2]COOPEGUANACASTE!N38 -> 64.51
A39: =[2]COOPEGUANACASTE!B39 -> Potencia Punta | B39: =[2]COOPEGUANACASTE!C39 -> 3854.71 | C39: =[2]COOPEGUANACASTE!D39 -> 3854.71 | D39: =[2]COOPEGUANACASTE!E39 -> 3854.71 | E39: =[2]COOPEGUANACASTE!F39 -> 3784.95 | F39: =[2]COOPEGUANACASTE!G39 -> 3784.95 | G39: =[2]COOPEGUANACASTE!H39 -> 3784.95 | H39: =[2]COOPEGUANACASTE!I39 -> 3842.71 | ... M39: =[2]COOPEGUANACASTE!N39 -> 3779.53
A40: =[2]COOPEGUANACASTE!B40 -> Potencia Valle | B40: =[2]COOPEGUANACASTE!C40 -> 3854.71 | C40: =[2]COOPEGUANACASTE!D40 -> 3854.71 | D40: =[2]COOPEGUANACASTE!E40 -> 3854.71 | E40: =[2]COOPEGUANACASTE!F40 -> 3784.95 | F40: =[2]COOPEGUANACASTE!G40 -> 3784.95 | G40: =[2]COOPEGUANACASTE!H40 -> 3784.95 | H40: =[2]COOPEGUANACASTE!I40 -> 3842.71 | ... M40: =[2]COOPEGUANACASTE!N40 -> 3779.53
A41: =[2]COOPEGUANACASTE!B41 -> MEDIA TENSIÓN (T-MTb)
A42: =[2]COOPEGUANACASTE!B42 -> T-MTB
A43: =[2]COOPEGUANACASTE!B43 -> Energía Punta | E43: =[2]COOPEGUANACASTE!F43 -> 0.195 | F43: =[2]COOPEGUANACASTE!G43 -> 0.195 | G43: =[2]COOPEGUANACASTE!H43 -> 0.195 | H43: =[2]COOPEGUANACASTE!I43 -> 0.195 | I43: =[2]COOPEGUANACASTE!J43 -> 0.195 | J43: =[2]COOPEGUANACASTE!K43 -> 0.195 | K43: =[2]COOPEGUANACASTE!L43 -> 0.195 | L43: =[2]COOPEGUANACASTE!M43 -> 0.195 | M43: =[2]COOPEGUANACASTE!N43 -> 0.195
A44: =[2]COOPEGUANACASTE!B44 -> Energía Valle | E44: =[2]COOPEGUANACASTE!F44 -> 0.067 | F44: =[2]COOPEGUANACASTE!G44 -> 0.067 | G44: =[2]COOPEGUANACASTE!H44 -> 0.067 | H44: =[2]COOPEGUANACASTE!I44 -> 0.067 | I44: =[2]COOPEGUANACASTE!J44 -> 0.067 | J44: =[2]COOPEGUANACASTE!K44 -> 0.067 | K44: =[2]COOPEGUANACASTE!L44 -> 0.067 | L44: =[2]COOPEGUANACASTE!M44 -> 0.067 | M44: =[2]COOPEGUANACASTE!N44 -> 0.067
A45: =[2]COOPEGUANACASTE!B45 -> Energía Noche | E45: =[2]COOPEGUANACASTE!F45 -> 0.043 | F45: =[2]COOPEGUANACASTE!G45 -> 0.043 | G45: =[2]COOPEGUANACASTE!H45 -> 0.043 | H45: =[2]COOPEGUANACASTE!I45 -> 0.043 | I45: =[2]COOPEGUANACASTE!J45 -> 0.043 | J45: =[2]COOPEGUANACASTE!K45 -> 0.043 | K45: =[2]COOPEGUANACASTE!L45 -> 0.043 | L45: =[2]COOPEGUANACASTE!M45 -> 0.043 | M45: =[2]COOPEGUANACASTE!N45 -> 0.043
A46: =[2]COOPEGUANACASTE!B46 -> Potencia Punta | E46: =[2]COOPEGUANACASTE!F46 -> 5.727 | F46: =[2]COOPEGUANACASTE!G46 -> 5.727 | G46: =[2]COOPEGUANACASTE!H46 -> 5.727 | H46: =[2]COOPEGUANACASTE!I46 -> 5.727 | I46: =[2]COOPEGUANACASTE!J46 -> 5.727 | J46: =[2]COOPEGUANACASTE!K46 -> 5.727 | K46: =[2]COOPEGUANACASTE!L46 -> 5.727 | L46: =[2]COOPEGUANACASTE!M46 -> 5.727 | M46: =[2]COOPEGUANACASTE!N46 -> 5.727
